"Year","Quarter","Month","DayofMonth","DayOfWeek","FlightDate","UniqueCarrier","AirlineID","Carrier","TailNum","FlightNum","Origin","OriginCityName","OriginState","OriginStateFips","OriginStateName","OriginWac","Dest","DestCityName","DestState","DestStateFips","DestStateName","DestWac","CRSDepTime","DepTime","DepDelay","DepDelayMinutes","DepDel15","DepartureDelayGroups","DepTimeBlk","TaxiOut","WheelsOff","WheelsOn","TaxiIn","CRSArrTime","ArrTime","ArrDelay","ArrDelayMinutes","ArrDel15","ArrivalDelayGroups","ArrTimeBlk","Cancelled","CancellationCode","Diverted","CRSElapsedTime","ActualElapsedTime","AirTime","Flights","Distance","DistanceGroup","CarrierDelay","WeatherDelay","NASDelay","SecurityDelay","LateAircraftDelay",
2007,1,1,1,1,2007-01-01,"WN",19393,"WN","N351","2891","SMF","Sacramento, CA","CA","06","California",91,"ONT","Ontario/San Bernardino, CA","CA","06","California",91,"1225","1232",7.00,7.00,0.00,0,"1200-1259",11.00,"1243","1337",4.00,"1340","1341",1.00,1.00,0.00,0,"1300-1359",0.00,"",0.00,75.00,69.00,54.00,1.00,389.00,2,,,,,,
2007,1,1,1,1,2007-01-01,"WN",19393,"WN","N370","462","SMF","Sacramento, CA","CA","06","California",91,"PDX","Portland, OR","OR","41","Oregon",92,"1905","1918",13.00,13.00,0.00,0,"1900-1959",6.00,"1924","2038",5.00,"2035","2043",8.00,8.00,0.00,0,"2000-2059",0.00,"",0.00,90.00,85.00,74.00,1.00,479.00,2,,,,,,
2007,1,1,1,1,2007-01-01,"WN",19393,"WN","N685","1229","SMF","Sacramento, CA","CA","06","California",91,"PDX","Portland, OR","OR","41","Oregon",92,"2130","2206",36.00,36.00,1.00,2,"2100-2159",9.00,"2215","2328",6.00,"2300","2334",34.00,34.00,1.00,2,"2300-2359",0.00,"",0.00,90.00,88.00,73.00,1.00,479.00,2,3.00,0.00,0.00,0.00,31.00,
2007,1,1,1,1,2007-01-01,"WN",19393,"WN","N364","1355","SMF","Sacramento, CA","CA","06","California",91,"PDX","Portland, OR","OR","41","Oregon",92,"1200","1230",30.00,30.00,1.00,2,"1200-1259",8.00,"1238","1353",3.00,"1330","1356",26.00,26.00,1.00,1,"1300-1359",0.00,"",0.00,90.00,86.00,75.00,1.00,479.00,2,23.00,0.00,0.00,0.00,3.00,
2007,1,1,1,1,2007-01-01,"WN",19393,"WN","N480","2278","SMF","Sacramento, CA","CA","06","California",91,"PDX","Portland, OR","OR","41","Oregon",92,"0830","0831",1.00,1.00,0.00,0,"0800-0859",9.00,"0840","0954",3.00,"1000","0957",-3.00,0.00,0.00,-1,"1000-1059",0.00,"",0.00,90.00,86.00,74.00,1.00,479.00,2,,,,,,
2007,1,1,1,1,2007-01-01,"WN",19393,"WN","N611SW","2386","SMF","Sacramento, CA","CA","06","California",91,"PDX","Portland, OR","OR","41","Oregon",92,"1420","1430",10.00,10.00,0.00,0,"1400-1459",7.00,"1437","1551",2.00,"1550","1553",3.00,3.00,0.00,0,"1500-1559",0.00,"",0.00,90.00,83.00,74.00,1.00,479.00,2,,,,,,
2007,1,1,1,1,2007-01-01,"WN",19393,"WN","N482","409","SMF","Sacramento, CA","CA","06","California",91,"PHX","Phoenix, AZ","AZ","04","Arizona",81,"1840","1936",56.00,56.00,1.00,3,"1800-1859",7.00,"1943","2212",5.00,"2130","2217",47.00,47.00,1.00,3,"2100-2159",0.00,"",0.00,110.00,101.00,89.00,1.00,647.00,3,46.00,0.00,0.00,0.00,1.00,
2007,1,1,1,1,2007-01-01,"WN",19393,"WN","N749SW","1131","SMF","Sacramento, CA","CA","06","California",91,"PHX","Phoenix, AZ","AZ","04","Arizona",81,"0935","0944",9.00,9.00,0.00,0,"0900-0959",9.00,"0953","1219",4.00,"1225","1223",-2.00,0.00,0.00,-1,"1200-1259",0.00,"",0.00,110.00,99.00,86.00,1.00,647.00,3,,,,,,
2007,1,1,1,1,2007-01-01,"WN",19393,"WN","N451","1212","SMF","Sacramento, CA","CA","06","California",91,"PHX","Phoenix, AZ","AZ","04","Arizona",81,"1450","1537",47.00,47.00,1.00,3,"1400-1459",7.00,"1544","1814",5.00,"1735","1819",44.00,44.00,1.00,2,"1700-1759",0.00,"",0.00,105.00,102.00,90.00,1.00,647.00,3,20.00,0.00,0.00,0.00,24.00,
2007,1,1,1,1,2007-01-01,"WN",19393,"WN","N630WN","2456","SMF","Sacramento, CA","CA","06","California",91,"PHX","Phoenix, AZ","AZ","04","Arizona",81,"1315","1318",3.00,3.00,0.00,0,"1300-1359",8.00,"1326","1558",5.00,"1610","1603",-7.00,0.00,0.00,-1,"1600-1659",0.00,"",0.00,115.00,105.00,92.00,1.00,647.00,3,,,,,,
2007,1,1,1,1,2007-01-01,"WN",19393,"WN","N493","2575","SMF","Sacramento, CA","CA","06","California",91,"PHX","Phoenix, AZ","AZ","04","Arizona",81,"0835","0836",1.00,1.00,0.00,0,"0800-0859",8.00,"0844","1112",7.00,"1130","1119",-11.00,0.00,0.00,-1,"1100-1159",0.00,"",0.00,115.00,103.00,88.00,1.00,647.00,3,,,,,,
2007,1,1,1,1,2007-01-01,"WN",19393,"WN","N733SW","2608","SMF","Sacramento, CA","CA","06","California",91,"PHX","Phoenix, AZ","AZ","04","Arizona",81,"1955","2047",52.00,52.00,1.00,3,"1900-1959",9.00,"2056","2325",7.00,"2240","2332",52.00,52.00,1.00,3,"2200-2259",0.00,"",0.00,105.00,105.00,89.00,1.00,647.00,3,49.00,0.00,0.00,0.00,3.00,
2007,1,1,1,1,2007-01-01,"WN",19393,"WN","N348","139","SMF","Sacramento, CA","CA","06","California",91,"SAN","San Diego, CA","CA","06","California",91,"2035","2128",53.00,53.00,1.00,3,"2000-2059",8.00,"2136","2242",3.00,"2200","2245",45.00,45.00,1.00,3,"2200-2259",0.00,"",0.00,85.00,77.00,66.00,1.00,480.00,2,0.00,0.00,3.00,0.00,42.00,
2007,1,1,1,1,2007-01-01,"WN",19393,"WN","N358","747","SMF","Sacramento, CA","CA","06","California",91,"SAN","San Diego, CA","CA","06","California",91,"0940","0935",-5.00,0.00,0.00,-1,"0900-0959",8.00,"0943","1046",2.00,"1105","1048",-17.00,0.00,0.00,-2,"1100-1159",0.00,"",0.00,85.00,73.00,63.00,1.00,480.00,2,,,,,,
2007,1,1,1,1,2007-01-01,"WN",19393,"WN","N413","933","SMF","Sacramento, CA","CA","06","California",91,"SAN","San Diego, CA","CA","06","California",91,"1245","1251",6.00,6.00,0.00,0,"1200-1259",7.00,"1258","1403",2.00,"1410","1405",-5.00,0.00,0.00,-1,"1400-1459",0.00,"",0.00,85.00,74.00,65.00,1.00,480.00,2,,,,,,
2007,1,1,1,1,2007-01-01,"WN",19393,"WN","N416","1054","SMF","Sacramento, CA","CA","06","California",91,"SAN","San Diego, CA","CA","06","California",91,"1645","1729",44.00,44.00,1.00,2,"1600-1659",7.00,"1736","1840",3.00,"1810","1843",33.00,33.00,1.00,2,"1800-1859",0.00,"",0.00,85.00,74.00,64.00,1.00,480.00,2,3.00,0.00,0.00,0.00,30.00,
2007,1,1,1,1,2007-01-01,"WN",19393,"WN","N383SW","1106","SMF","Sacramento, CA","CA","06","California",91,"SAN","San Diego, CA","CA","06","California",91,"0825","0825",0.00,0.00,0.00,0,"0800-0859",10.00,"0835","0938",3.00,"0950","0941",-9.00,0.00,0.00,-1,"0900-0959",0.00,"",0.00,85.00,76.00,63.00,1.00,480.00,2,,,,,,
2007,1,1,1,1,2007-01-01,"WN",19393,"WN","N316SW","1554","SMF","Sacramento, CA","CA","06","California",91,"SAN","San Diego, CA","CA","06","California",91,"1040","1042",2.00,2.00,0.00,0,"1000-1059",8.00,"1050","1156",2.00,"1205","1158",-7.00,0.00,0.00,-1,"1200-1259",0.00,"",0.00,85.00,76.00,66.00,1.00,480.00,2,,,,,,
2007,1,1,1,1,2007-01-01,"WN",19393,"WN","N691WN","1604","SMF","Sacramento, CA","CA","06","California",91,"SAN","San Diego, CA","CA","06","California",91,"1725","1726",1.00,1.00,0.00,0,"1700-1759",7.00,"1733","1836",3.00,"1850","1839",-11.00,0.00,0.00,-1,"1800-1859",0.00,"",0.00,85.00,73.00,63.00,1.00,480.00,2,,,,,,
2007,1,1,1,1,2007-01-01,"WN",19393,"WN","N308SW","1975","SMF","Sacramento, CA","CA","06","California",91,"SAN","San Diego, CA","CA","06","California",91,"1820","1849",29.00,29.00,1.00,1,"1800-1859",15.00,"1904","2013",3.00,"1940","2016",36.00,36.00,1.00,2,"1900-1959",0.00,"",0.00,80.00,87.00,69.00,1.00,480.00,2,20.00,0.00,7.00,0.00,9.00,
2007,1,1,1,1,2007-01-01,"WN",19393,"WN","N205","2083","SMF","Sacramento, CA","CA","06","California",91,"SAN","San Diego, CA","CA","06","California",91,"2105","2219",74.00,74.00,1.00,4,"2100-2159",8.00,"2227","2329",3.00,"2225","2332",67.00,67.00,1.00,4,"2200-2259",0.00,"",0.00,80.00,73.00,62.00,1.00,480.00,2,0.00,0.00,0.00,0.00,67.00,
2007,1,1,1,1,2007-01-01,"WN",19393,"WN","N603SW","2577","SMF","Sacramento, CA","CA","06","California",91,"SAN","San Diego, CA","CA","06","California",91,"1940","2012",32.00,32.00,1.00,2,"1900-1959",10.00,"2022","2128",3.00,"2105","2131",26.00,26.00,1.00,1,"2100-2159",0.00,"",0.00,85.00,79.00,66.00,1.00,480.00,2,9.00,0.00,0.00,0.00,17.00,
2007,1,1,1,1,2007-01-01,"WN",19393,"WN","N604SW","2587","SMF","Sacramento, CA","CA","06","California",91,"SAN","San Diego, CA","CA","06","California",91,"1455","1458",3.00,3.00,0.00,0,"1400-1459",9.00,"1507","1612",2.00,"1620","1614",-6.00,0.00,0.00,-1,"1600-1659",0.00,"",0.00,85.00,76.00,65.00,1.00,480.00,2,,,,,,
2007,1,1,1,1,2007-01-01,"WN",19393,"WN","N700GS","2643","SMF","Sacramento, CA","CA","06","California",91,"SAN","San Diego, CA","CA","06","California",91,"1345","1345",0.00,0.00,0.00,0,"1300-1359",7.00,"1352","1454",2.00,"1510","1456",-14.00,0.00,0.00,-1,"1500-1559",0.00,"",0.00,85.00,71.00,62.00,1.00,480.00,2,,,,,,
2007,1,1,1,1,2007-01-01,"WN",19393,"WN","N355","2755","SMF","Sacramento, CA","CA","06","California",91,"SAN","San Diego, CA","CA","06","California",91,"0720","0715",-5.00,0.00,0.00,-1,"0700-0759",14.00,"0729","0834",2.00,"0845","0836",-9.00,0.00,0.00,-1,"0800-0859",0.00,"",0.00,85.00,81.00,65.00,1.00,480.00,2,,,,,,
2007,1,1,1,1,2007-01-01,"WN",19393,"WN","N771","961","SMF","Sacramento, CA","CA","06","California",91,"SEA","Seattle, WA","WA","53","Washington",93,"2100","2119",19.00,19.00,1.00,1,"2100-2159",8.00,"2127","2301",9.00,"2250","2310",20.00,20.00,1.00,1,"2200-2259",0.00,"",0.00,110.00,111.00,94.00,1.00,605.00,3,19.00,0.00,1.00,0.00,0.00,
2007,1,1,1,1,2007-01-01,"WN",19393,"WN","N469","1330","SMF","Sacramento, CA","CA","06","California",91,"SEA","Seattle, WA","WA","53","Washington",93,"1510","1530",20.00,20.00,1.00,1,"1500-1559",8.00,"1538","1709",5.00,"1700","1714",14.00,14.00,0.00,0,"1700-1759",0.00,"",0.00,110.00,104.00,91.00,1.00,605.00,3,,,,,,
2007,1,1,1,1,2007-01-01,"WN",19393,"WN","N327","1502","SMF","Sacramento, CA","CA","06","California",91,"SEA","Seattle, WA","WA","53","Washington",93,"1035","1045",10.00,10.00,0.00,0,"1000-1059",6.00,"1051","1235",5.00,"1225","1240",15.00,15.00,1.00,1,"1200-1259",0.00,"",0.00,110.00,115.00,104.00,1.00,605.00,3,6.00,0.00,5.00,0.00,4.00,
2007,1,1,1,1,2007-01-01,"WN",19393,"WN","N304SW","2403","SMF","Sacramento, CA","CA","06","California",91,"SEA","Seattle, WA","WA","53","Washington",93,"0800","0802",2.00,2.00,0.00,0,"0800-0859",8.00,"0810","0948",5.00,"0955","0953",-2.00,0.00,0.00,-1,"0900-0959",0.00,"",0.00,115.00,111.00,98.00,1.00,605.00,3,,,,,,
2007,1,1,1,1,2007-01-01,"WN",19393,"WN","N204","976","SMF","Sacramento, CA","CA","06","California",91,"SNA","Santa Ana, CA","CA","06","California",91,"1405","1415",10.00,10.00,0.00,0,"1400-1459",6.00,"1421","1525",4.00,"1525","1529",4.00,4.00,0.00,0,"1500-1559",0.00,"",0.00,80.00,74.00,64.00,1.00,404.00,2,,,,,,
2007,1,1,1,1,2007-01-01,"WN",19393,"WN","N707SA","1146","SMF","Sacramento, CA","CA","06","California",91,"SNA","Santa Ana, CA","CA","06","California",91,"1630","1630",0.00,0.00,0.00,0,"1600-1659",10.00,"1640","1740",6.00,"1750","1746",-4.00,0.00,0.00,-1,"1700-1759",0.00,"",0.00,80.00,76.00,60.00,1.00,404.00,2,,,,,,
2007,1,1,1,1,2007-01-01,"WN",19393,"WN","N718SW","1240","SMF","Sacramento, CA","CA","06","California",91,"SNA","Santa Ana, CA","CA","06","California",91,"1525","1527",2.00,2.00,0.00,0,"1500-1559",6.00,"1533","1633",4.00,"1645","1637",-8.00,0.00,0.00,-1,"1600-1659",0.00,"",0.00,80.00,70.00,60.00,1.00,404.00,2,,,,,,
2007,1,1,1,1,2007-01-01,"WN",19393,"WN","N465","1488","SMF","Sacramento, CA","CA","06","California",91,"SNA","Santa Ana, CA","CA","06","California",91,"0735","0731",-4.00,0.00,0.00,-1,"0700-0759",8.00,"0739","0839",5.00,"0900","0844",-16.00,0.00,0.00,-2,"0900-0959",0.00,"",0.00,85.00,73.00,60.00,1.00,404.00,2,,,,,,
2007,1,1,1,1,2007-01-01,"WN",19393,"WN","N725","1596","SMF","Sacramento, CA","CA","06","California",91,"SNA","Santa Ana, CA","CA","06","California",91,"1140","1140",0.00,0.00,0.00,0,"1100-1159",6.00,"1146","1247",6.00,"1300","1253",-7.00,0.00,0.00,-1,"1300-1359",0.00,"",0.00,80.00,73.00,61.00,1.00,404.00,2,,,,,,
2007,1,1,1,1,2007-01-01,"WN",19393,"WN","N711HK","1784","SMF","Sacramento, CA","CA","06","California",91,"SNA","Santa Ana, CA","CA","06","California",91,"1935","2002",27.00,27.00,1.00,1,"1900-1959",10.00,"2012","2113",2.00,"2055","2115",20.00,20.00,1.00,1,"2000-2059",0.00,"",0.00,80.00,73.00,61.00,1.00,404.00,2,19.00,0.00,0.00,0.00,1.00,
2007,1,1,1,1,2007-01-01,"WN",19393,"WN","N781","2806","SMF","Sacramento, CA","CA","06","California",91,"SNA","Santa Ana, CA","CA","06","California",91,"0950","0946",-4.00,0.00,0.00,-1,"0900-0959",11.00,"0957","1057",3.00,"1115","1100",-15.00,0.00,0.00,-1,"1100-1159",0.00,"",0.00,85.00,74.00,60.00,1.00,404.00,2,,,,,,
2007,1,1,1,1,2007-01-01,"WN",19393,"WN","N781","795","SNA","Santa Ana, CA","CA","06","California",91,"LAS","Las Vegas, NV","NV","32","Nevada",85,"1455","1501",6.00,6.00,0.00,0,"1400-1459",10.00,"1511","1557",7.00,"1555","1604",9.00,9.00,0.00,0,"1500-1559",0.00,"",0.00,60.00,63.00,46.00,1.00,226.00,1,,,,,,
2007,1,1,1,1,2007-01-01,"WN",19393,"WN","N479","851","SNA","Santa Ana, CA","CA","06","California",91,"LAS","Las Vegas, NV","NV","32","Nevada",85,"1155","1233",38.00,38.00,1.00,2,"1100-1159",7.00,"1240","1327",15.00,"1300","1342",42.00,42.00,1.00,2,"1300-1359",0.00,"",0.00,65.00,69.00,47.00,1.00,226.00,1,0.00,0.00,4.00,0.00,38.00,
2007,1,1,1,1,2007-01-01,"WN",19393,"WN","","2734","SNA","Santa Ana, CA","CA","06","California",91,"LAS","Las Vegas, NV","NV","32","Nevada",85,"2030","",,,,,"2000-2059",,"","",,"2135","",,,,,"2100-2159",1.00,"A",0.00,65.00,,,1.00,226.00,1,,,,,,
2007,1,1,1,1,2007-01-01,"WN",19393,"WN","N781","2782","SNA","Santa Ana, CA","CA","06","California",91,"LAS","Las Vegas, NV","NV","32","Nevada",85,"1815","2057",162.00,162.00,1.00,10,"1800-1859",14.00,"2111","2201",4.00,"1920","2205",165.00,165.00,1.00,11,"1900-1959",0.00,"",0.00,65.00,68.00,50.00,1.00,226.00,1,162.00,0.00,3.00,0.00,0.00,
2007,1,1,1,1,2007-01-01,"WN",19393,"WN","N774","873","SNA","Santa Ana, CA","CA","06","California",91,"MDW","Chicago, IL","IL","17","Illinois",41,"0810","0810",0.00,0.00,0.00,0,"0800-0859",8.00,"0818","1343",4.00,"1405","1347",-18.00,0.00,0.00,-2,"1400-1459",0.00,"",0.00,235.00,217.00,205.00,1.00,1731.00,7,,,,,,
2007,1,1,1,1,2007-01-01,"WN",19393,"WN","N767","1184","SNA","Santa Ana, CA","CA","06","California",91,"OAK","Oakland, CA","CA","06","California",91,"1035","1035",0.00,0.00,0.00,0,"1000-1059",6.00,"1041","1149",5.00,"1155","1154",-1.00,0.00,0.00,-1,"1100-1159",0.00,"",0.00,80.00,79.00,68.00,1.00,371.00,2,,,,,,
2007,1,1,1,1,2007-01-01,"WN",19393,"WN","N718SW","1737","SNA","Santa Ana, CA","CA","06","California",91,"OAK","Oakland, CA","CA","06","California",91,"1715","1714",-1.00,0.00,0.00,-1,"1700-1759",5.00,"1719","1822",13.00,"1835","1835",0.00,0.00,0.00,0,"1800-1859",0.00,"",0.00,80.00,81.00,63.00,1.00,371.00,2,,,,,,
2007,1,1,1,1,2007-01-01,"WN",19393,"WN","N247","2217","SNA","Santa Ana, CA","CA","06","California",91,"OAK","Oakland, CA","CA","06","California",91,"1805","1811",6.00,6.00,0.00,0,"1800-1859",5.00,"1816","1920",5.00,"1925","1925",0.00,0.00,0.00,0,"1900-1959",0.00,"",0.00,80.00,74.00,64.00,1.00,371.00,2,,,,,,
2007,1,1,1,1,2007-01-01,"WN",19393,"WN","N204","2347","SNA","Santa Ana, CA","CA","06","California",91,"OAK","Oakland, CA","CA","06","California",91,"1920","1946",26.00,26.00,1.00,1,"1900-1959",12.00,"1958","2105",5.00,"2045","2110",25.00,25.00,1.00,1,"2000-2059",0.00,"",0.00,85.00,84.00,67.00,1.00,371.00,2,10.00,0.00,0.00,0.00,15.00,
2007,1,1,1,1,2007-01-01,"WN",19393,"WN","N711HK","2449","SNA","Santa Ana, CA","CA","06","California",91,"OAK","Oakland, CA","CA","06","California",91,"2115","2154",39.00,39.00,1.00,2,"2100-2159",6.00,"2200","2303",5.00,"2235","2308",33.00,33.00,1.00,2,"2200-2259",0.00,"",0.00,80.00,74.00,63.00,1.00,371.00,2,16.00,0.00,0.00,0.00,17.00,
2007,1,1,1,1,2007-01-01,"WN",19393,"WN","N204","2450","SNA","Santa Ana, CA","CA","06","California",91,"OAK","Oakland, CA","CA","06","California",91,"1550","1600",10.00,10.00,0.00,0,"1500-1559",6.00,"1606","1714",4.00,"1710","1718",8.00,8.00,0.00,0,"1700-1759",0.00,"",0.00,80.00,78.00,68.00,1.00,371.00,2,,,,,,
2007,1,1,1,1,2007-01-01,"WN",19393,"WN","N725","2786","SNA","Santa Ana, CA","CA","06","California",91,"OAK","Oakland, CA","CA","06","California",91,"1325","1325",0.00,0.00,0.00,0,"1300-1359",9.00,"1334","1439",4.00,"1445","1443",-2.00,0.00,0.00,-1,"1400-1459",0.00,"",0.00,80.00,78.00,65.00,1.00,371.00,2,,,,,,
2007,1,1,1,1,2007-01-01,"WN",19393,"WN","N774","2790","SNA","Santa Ana, CA","CA","06","California",91,"OAK","Oakland, CA","CA","06","California",91,"2005","2052",47.00,47.00,1.00,3,"2000-2059",9.00,"2101","2206",8.00,"2130","2214",44.00,44.00,1.00,2,"2100-2159",0.00,"",0.00,85.00,82.00,65.00,1.00,371.00,2,16.00,0.00,0.00,0.00,28.00,
2007,1,1,1,1,2007-01-01,"WN",19393,"WN","N448","2992","SNA","Santa Ana, CA","CA","06","California",91,"OAK","Oakland, CA","CA","06","California",91,"0905","0905",0.00,0.00,0.00,0,"0900-0959",6.00,"0911","1020",4.00,"1025","1024",-1.00,0.00,0.00,-1,"1000-1059",0.00,"",0.00,80.00,79.00,69.00,1.00,371.00,2,,,,,,
2007,1,1,1,1,2007-01-01,"WN",19393,"WN","N663SW","212","SNA","Santa Ana, CA","CA","06","California",91,"PHX","Phoenix, AZ","AZ","04","Arizona",81,"1645","1737",52.00,52.00,1.00,3,"1600-1659",8.00,"1745","1940",6.00,"1855","1946",51.00,51.00,1.00,3,"1800-1859",0.00,"",0.00,70.00,69.00,55.00,1.00,338.00,2,20.00,0.00,0.00,0.00,31.00,
2007,1,1,1,1,2007-01-01,"WN",19393,"WN","N765","324","SNA","Santa Ana, CA","CA","06","California",91,"PHX","Phoenix, AZ","AZ","04","Arizona",81,"1100","1101",1.00,1.00,0.00,0,"1100-1159",7.00,"1108","1302",5.00,"1315","1307",-8.00,0.00,0.00,-1,"1300-1359",0.00,"",0.00,75.00,66.00,54.00,1.00,338.00,2,,,,,,
2007,1,1,1,1,2007-01-01,"WN",19393,"WN","N467","466","SNA","Santa Ana, CA","CA","06","California",91,"PHX","Phoenix, AZ","AZ","04","Arizona",81,"1350","1402",12.00,12.00,0.00,0,"1300-1359",8.00,"1410","1557",13.00,"1600","1610",10.00,10.00,0.00,0,"1600-1659",0.00,"",0.00,70.00,68.00,47.00,1.00,338.00,2,,,,,,
2007,1,1,1,1,2007-01-01,"WN",19393,"WN","N465","1488","SNA","Santa Ana, CA","CA","06","California",91,"PHX","Phoenix, AZ","AZ","04","Arizona",81,"0925","0921",-4.00,0.00,0.00,-1,"0900-0959",5.00,"0926","1115",4.00,"1140","1119",-21.00,0.00,0.00,-2,"1100-1159",0.00,"",0.00,75.00,58.00,49.00,1.00,338.00,2,,,,,,
2007,1,1,1,1,2007-01-01,"WN",19393,"WN","N718SW","1504","SNA","Santa Ana, CA","CA","06","California",91,"PHX","Phoenix, AZ","AZ","04","Arizona",81,"2055","2108",13.00,13.00,0.00,0,"2000-2059",7.00,"2115","2308",4.00,"2305","2312",7.00,7.00,0.00,0,"2300-2359",0.00,"",0.00,70.00,64.00,53.00,1.00,338.00,2,,,,,,
2007,1,1,1,1,2007-01-01,"WN",19393,"WN","N493","1684","SNA","Santa Ana, CA","CA","06","California",91,"PHX","Phoenix, AZ","AZ","04","Arizona",81,"1245","1245",0.00,0.00,0.00,0,"1200-1259",11.00,"1256","1452",5.00,"1450","1457",7.00,7.00,0.00,0,"1400-1459",0.00,"",0.00,65.00,72.00,56.00,1.00,338.00,2,,,,,,
2007,1,1,1,1,2007-01-01,"WN",19393,"WN","N248","1984","SNA","Santa Ana, CA","CA","06","California",91,"PHX","Phoenix, AZ","AZ","04","Arizona",81,"1730","1743",13.00,13.00,0.00,0,"1700-1759",10.00,"1753","1951",7.00,"1945","1958",13.00,13.00,0.00,0,"1900-1959",0.00,"",0.00,75.00,75.00,58.00,1.00,338.00,2,,,,,,
2007,1,1,1,1,2007-01-01,"WN",19393,"WN","N473","2515","SNA","Santa Ana, CA","CA","06","California",91,"PHX","Phoenix, AZ","AZ","04","Arizona",81,"1905","1948",43.00,43.00,1.00,2,"1900-1959",8.00,"1956","2153",4.00,"2115","2157",42.00,42.00,1.00,2,"2100-2159",0.00,"",0.00,70.00,69.00,57.00,1.00,338.00,2,17.00,0.00,0.00,0.00,25.00,
2007,1,1,1,1,2007-01-01,"WN",19393,"WN","N231","127","SNA","Santa Ana, CA","CA","06","California",91,"SJC","San Jose, CA","CA","06","California",91,"1405","1408",3.00,3.00,0.00,0,"1400-1459",7.00,"1415","1517",3.00,"1520","1520",0.00,0.00,0.00,0,"1500-1559",0.00,"",0.00,75.00,72.00,62.00,1.00,342.00,2,,,,,,
2007,1,1,1,1,2007-01-01,"WN",19393,"WN","N215","528","SNA","Santa Ana, CA","CA","06","California",91,"SJC","San Jose, CA","CA","06","California",91,"0835","0829",-6.00,0.00,0.00,-1,"0800-0859",6.00,"0835","0937",3.00,"0950","0940",-10.00,0.00,0.00,-1,"0900-0959",0.00,"",0.00,75.00,71.00,62.00,1.00,342.00,2,,,,,,
2007,1,1,1,1,2007-01-01,"WN",19393,"WN","N262","1137","SNA","Santa Ana, CA","CA","06","California",91,"SJC","San Jose, CA","CA","06","California",91,"1935","1953",18.00,18.00,1.00,1,"1900-1959",9.00,"2002","2103",2.00,"2050","2105",15.00,15.00,1.00,1,"2000-2059",0.00,"",0.00,75.00,72.00,61.00,1.00,342.00,2,15.00,0.00,0.00,0.00,0.00,
2007,1,1,1,1,2007-01-01,"WN",19393,"WN","N458","1243","SNA","Santa Ana, CA","CA","06","California",91,"SJC","San Jose, CA","CA","06","California",91,"2040","2148",68.00,68.00,1.00,4,"2000-2059",9.00,"2157","2302",3.00,"2155","2305",70.00,70.00,1.00,4,"2100-2159",0.00,"",0.00,75.00,77.00,65.00,1.00,342.00,2,15.00,0.00,2.00,0.00,53.00,
2007,1,1,1,1,2007-01-01,"WN",19393,"WN","N781","2037","SNA","Santa Ana, CA","CA","06","California",91,"SJC","San Jose, CA","CA","06","California",91,"1135","1136",1.00,1.00,0.00,0,"1100-1159",5.00,"1141","1244",2.00,"1250","1246",-4.00,0.00,0.00,-1,"1200-1259",0.00,"",0.00,75.00,70.00,63.00,1.00,342.00,2,,,,,,
2007,1,1,1,1,2007-01-01,"WN",19393,"WN","N713SW","2124","SNA","Santa Ana, CA","CA","06","California",91,"SJC","San Jose, CA","CA","06","California",91,"0950","0950",0.00,0.00,0.00,0,"0900-0959",7.00,"0957","1059",3.00,"1105","1102",-3.00,0.00,0.00,-1,"1100-1159",0.00,"",0.00,75.00,72.00,62.00,1.00,342.00,2,,,,,,
2007,1,1,1,1,2007-01-01,"WN",19393,"WN","N719SW","2299","SNA","Santa Ana, CA","CA","06","California",91,"SJC","San Jose, CA","CA","06","California",91,"1640","1638",-2.00,0.00,0.00,-1,"1600-1659",6.00,"1644","1745",4.00,"1755","1749",-6.00,0.00,0.00,-1,"1700-1759",0.00,"",0.00,75.00,71.00,61.00,1.00,342.00,2,,,,,,
2007,1,1,1,1,2007-01-01,"WN",19393,"WN","N245","654","SNA","Santa Ana, CA","CA","06","California",91,"SMF","Sacramento, CA","CA","06","California",91,"0940","0938",-2.00,0.00,0.00,-1,"0900-0959",8.00,"0946","1101",4.00,"1105","1105",0.00,0.00,0.00,0,"1100-1159",0.00,"",0.00,85.00,87.00,75.00,1.00,404.00,2,,,,,,
2007,1,1,1,1,2007-01-01,"WN",19393,"WN","N707SA","728","SNA","Santa Ana, CA","CA","06","California",91,"SMF","Sacramento, CA","CA","06","California",91,"1440","1439",-1.00,0.00,0.00,-1,"1400-1459",15.00,"1454","1604",3.00,"1605","1607",2.00,2.00,0.00,0,"1600-1659",0.00,"",0.00,85.00,88.00,70.00,1.00,404.00,2,,,,,,
2007,1,1,1,1,2007-01-01,"WN",19393,"WN","N482","812","SNA","Santa Ana, CA","CA","06","California",91,"SMF","Sacramento, CA","CA","06","California",91,"1740","1739",-1.00,0.00,0.00,-1,"1700-1759",10.00,"1749","1859",7.00,"1905","1906",1.00,1.00,0.00,0,"1900-1959",0.00,"",0.00,85.00,87.00,70.00,1.00,404.00,2,,,,,,
2007,1,1,1,1,2007-01-01,"WN",19393,"WN","N713SW","1803","SNA","Santa Ana, CA","CA","06","California",91,"SMF","Sacramento, CA","CA","06","California",91,"1330","1329",-1.00,0.00,0.00,-1,"1300-1359",10.00,"1339","1455",2.00,"1455","1457",2.00,2.00,0.00,0,"1400-1459",0.00,"",0.00,85.00,88.00,76.00,1.00,404.00,2,,,,,,
2007,1,1,1,1,2007-01-01,"WN",19393,"WN","N413","1977","SNA","Santa Ana, CA","CA","06","California",91,"SMF","Sacramento, CA","CA","06","California",91,"1055","1052",-3.00,0.00,0.00,-1,"1000-1059",13.00,"1105","1217",3.00,"1220","1220",0.00,0.00,0.00,0,"1200-1259",0.00,"",0.00,85.00,88.00,72.00,1.00,404.00,2,,,,,,
2007,1,1,1,1,2007-01-01,"WN",19393,"WN","N442","2042","SNA","Santa Ana, CA","CA","06","California",91,"SMF","Sacramento, CA","CA","06","California",91,"2105","2128",23.00,23.00,1.00,1,"2100-2159",11.00,"2139","2249",5.00,"2230","2254",24.00,24.00,1.00,1,"2200-2259",0.00,"",0.00,85.00,86.00,70.00,1.00,404.00,2,9.00,0.00,1.00,0.00,14.00,
2007,1,1,1,1,2007-01-01,"WN",19393,"WN","N204","2588","SNA","Santa Ana, CA","CA","06","California",91,"SMF","Sacramento, CA","CA","06","California",91,"1215","1215",0.00,0.00,0.00,0,"1200-1259",9.00,"1224","1335",4.00,"1340","1339",-1.00,0.00,0.00,-1,"1300-1359",0.00,"",0.00,85.00,84.00,71.00,1.00,404.00,2,,,,,,
2007,1,1,1,1,2007-01-01,"WN",19393,"WN","N622SW","291","STL","St. Louis, MO","MO","29","Missouri",64,"ABQ","Albuquerque, NM","NM","35","New Mexico",86,"1625","1634",9.00,9.00,0.00,0,"1600-1659",9.00,"1643","1803",5.00,"1810","1808",-2.00,0.00,0.00,-1,"1800-1859",0.00,"",0.00,165.00,154.00,140.00,1.00,934.00,4,,,,,,
2007,1,1,1,1,2007-01-01,"WN",19393,"WN","N399WN","794","STL","St. Louis, MO","MO","29","Missouri",64,"BHM","Birmingham, AL","AL","01","Alabama",51,"1835","1830",-5.00,0.00,0.00,-1,"1800-1859",6.00,"1836","1934",3.00,"1950","1937",-13.00,0.00,0.00,-1,"1900-1959",0.00,"",0.00,75.00,67.00,58.00,1.00,410.00,2,,,,,,
2007,1,1,1,1,2007-01-01,"WN",19393,"WN","N727SW","357","STL","St. Louis, MO","MO","29","Missouri",64,"BWI","Baltimore, MD","MD","24","Maryland",35,"1605","1621",16.00,16.00,1.00,1,"1600-1659",6.00,"1627","1904",4.00,"1900","1908",8.00,8.00,0.00,0,"1900-1959",0.00,"",0.00,115.00,107.00,97.00,1.00,737.00,3,,,,,,
2007,1,1,1,1,2007-01-01,"WN",19393,"WN","N637SW","675","STL","St. Louis, MO","MO","29","Missouri",64,"BWI","Baltimore, MD","MD","24","Maryland",35,"2050","2050",0.00,0.00,0.00,0,"2000-2059",7.00,"2057","2334",4.00,"2335","2338",3.00,3.00,0.00,0,"2300-2359",0.00,"",0.00,105.00,108.00,97.00,1.00,737.00,3,,,,,,
2007,1,1,1,1,2007-01-01,"WN",19393,"WN","N664WN","2574","STL","St. Louis, MO","MO","29","Missouri",64,"BWI","Baltimore, MD","MD","24","Maryland",35,"0915","0915",0.00,0.00,0.00,0,"0900-0959",6.00,"0921","1155",3.00,"1210","1158",-12.00,0.00,0.00,-1,"1200-1259",0.00,"",0.00,115.00,103.00,94.00,1.00,737.00,3,,,,,,
2007,1,1,1,1,2007-01-01,"WN",19393,"WN","N742","1057","STL","St. Louis, MO","MO","29","Missouri",64,"CLE","Cleveland, OH","OH","39","Ohio",44,"1930","1936",6.00,6.00,0.00,0,"1900-1959",6.00,"1942","2154",5.00,"2155","2159",4.00,4.00,0.00,0,"2100-2159",0.00,"",0.00,85.00,83.00,72.00,1.00,487.00,2,,,,,,
2007,1,1,1,1,2007-01-01,"WN",19393,"WN","N390SW","1477","STL","St. Louis, MO","MO","29","Missouri",64,"CLE","Cleveland, OH","OH","39","Ohio",44,"1000","0959",-1.00,0.00,0.00,-1,"1000-1059",8.00,"1007","1217",5.00,"1225","1222",-3.00,0.00,0.00,-1,"1200-1259",0.00,"",0.00,85.00,83.00,70.00,1.00,487.00,2,,,,,,
2007,1,1,1,1,2007-01-01,"WN",19393,"WN","N444","522","STL","St. Louis, MO","MO","29","Missouri",64,"CMH","Columbus, OH","OH","39","Ohio",44,"1420","1430",10.00,10.00,0.00,0,"1400-1459",7.00,"1437","1637",4.00,"1635","1641",6.00,6.00,0.00,0,"1600-1659",0.00,"",0.00,75.00,71.00,60.00,1.00,410.00,2,,,,,,
2007,1,1,1,1,2007-01-01,"WN",19393,"WN","N270","82","STL","St. Louis, MO","MO","29","Missouri",64,"DAL","Dallas, TX","TX","48","Texas",74,"2110","2116",6.00,6.00,0.00,0,"2100-2159",6.00,"2122","2239",2.00,"2250","2241",-9.00,0.00,0.00,-1,"2200-2259",0.00,"",0.00,100.00,85.00,77.00,1.00,546.00,3,,,,,,
2007,1,1,1,1,2007-01-01,"WN",19393,"WN","N504","86","STL","St. Louis, MO","MO","29","Missouri",64,"DAL","Dallas, TX","TX","48","Texas",74,"1405","1423",18.00,18.00,1.00,1,"1400-1459",9.00,"1432","1551",3.00,"1550","1554",4.00,4.00,0.00,0,"1500-1559",0.00,"",0.00,105.00,91.00,79.00,1.00,546.00,3,,,,,,
2007,1,1,1,1,2007-01-01,"WN",19393,"WN","N507","939","STL","St. Louis, MO","MO","29","Missouri",64,"DAL","Dallas, TX","TX","48","Texas",74,"1855","1902",7.00,7.00,0.00,0,"1800-1859",8.00,"1910","2033",3.00,"2035","2036",1.00,1.00,0.00,0,"2000-2059",0.00,"",0.00,100.00,94.00,83.00,1.00,546.00,3,,,,,,
2007,1,1,1,1,2007-01-01,"WN",19393,"WN","N270","1959","STL","St. Louis, MO","MO","29","Missouri",64,"DAL","Dallas, TX","TX","48","Texas",74,"0905","0908",3.00,3.00,0.00,0,"0900-0959",6.00,"0914","1032",3.00,"1050","1035",-15.00,0.00,0.00,-1,"1000-1059",0.00,"",0.00,105.00,87.00,78.00,1.00,546.00,3,,,,,,
2007,1,1,1,1,2007-01-01,"WN",19393,"WN","N671SW","2108","STL","St. Louis, MO","MO","29","Missouri",64,"DAL","Dallas, TX","TX","48","Texas",74,"1040","1058",18.00,18.00,1.00,1,"1000-1059",6.00,"1104","1221",3.00,"1225","1224",-1.00,0.00,0.00,-1,"1200-1259",0.00,"",0.00,105.00,86.00,77.00,1.00,546.00,3,,,,,,
2007,1,1,1,1,2007-01-01,"WN",19393,"WN","N526","198","STL","St. Louis, MO","MO","29","Missouri",64,"DTW","Detroit, MI","MI","26","Michigan",43,"2110","2112",2.00,2.00,0.00,0,"2100-2159",6.00,"2118","2318",4.00,"2330","2322",-8.00,0.00,0.00,-1,"2300-2359",0.00,"",0.00,80.00,70.00,60.00,1.00,440.00,2,,,,,,
2007,1,1,1,1,2007-01-01,"WN",19393,"WN","N637SW","1880","STL","St. Louis, MO","MO","29","Missouri",64,"DTW","Detroit, MI","MI","26","Michigan",43,"1700","1657",-3.00,0.00,0.00,-1,"1700-1759",7.00,"1704","1913",7.00,"1925","1920",-5.00,0.00,0.00,-1,"1900-1959",0.00,"",0.00,85.00,83.00,69.00,1.00,440.00,2,,,,,,
2007,1,1,1,1,2007-01-01,"WN",19393,"WN","N730MA","1460","STL","St. Louis, MO","MO","29","Missouri",64,"FLL","Fort Lauderdale, FL","FL","12","Florida",33,"1645","1649",4.00,4.00,0.00,0,"1600-1659",7.00,"1656","2016",3.00,"2025","2019",-6.00,0.00,0.00,-1,"2000-2059",0.00,"",0.00,160.00,150.00,140.00,1.00,1056.00,5,,,,,,
2007,1,1,1,1,2007-01-01,"WN",19393,"WN","N625SW","669","STL","St. Louis, MO","MO","29","Missouri",64,"HOU","Houston, TX","TX","48","Texas",74,"0815","0816",1.00,1.00,0.00,0,"0800-0859",6.00,"0822","0959",4.00,"1020","1003",-17.00,0.00,0.00,-2,"1000-1059",0.00,"",0.00,125.00,107.00,97.00,1.00,687.00,3,,,,,,
2007,1,1,1,1,2007-01-01,"WN",19393,"WN","N367","1556","STL","St. Louis, MO","MO","29","Missouri",64,"HOU","Houston, TX","TX","48","Texas",74,"1355","1442",47.00,47.00,1.00,3,"1300-1359",9.00,"1451","1629",3.00,"1600","1632",32.00,32.00,1.00,2,"1600-1659",0.00,"",0.00,125.00,110.00,98.00,1.00,687.00,3,8.00,0.00,0.00,0.00,24.00,
2007,1,1,1,1,2007-01-01,"WN",19393,"WN","N615SW","1629","STL","St. Louis, MO","MO","29","Missouri",64,"HOU","Houston, TX","TX","48","Texas",74,"1655","1654",-1.00,0.00,0.00,-1,"1600-1659",8.00,"1702","1841",5.00,"1905","1846",-19.00,0.00,0.00,-2,"1900-1959",0.00,"",0.00,130.00,112.00,99.00,1.00,687.00,3,,,,,,
2007,1,1,1,1,2007-01-01,"WN",19393,"WN","N636WN","2011","STL","St. Louis, MO","MO","29","Missouri",64,"HOU","Houston, TX","TX","48","Texas",74,"0955","0951",-4.00,0.00,0.00,-1,"0900-0959",9.00,"1000","1136",3.00,"1200","1139",-21.00,0.00,0.00,-2,"1200-1259",0.00,"",0.00,125.00,108.00,96.00,1.00,687.00,3,,,,,,
2007,1,1,1,1,2007-01-01,"WN",19393,"WN","N699SW","2948","STL","St. Louis, MO","MO","29","Missouri",64,"HOU","Houston, TX","TX","48","Texas",74,"2045","2050",5.00,5.00,0.00,0,"2000-2059",6.00,"2056","2240",3.00,"2250","2243",-7.00,0.00,0.00,-1,"2200-2259",0.00,"",0.00,125.00,113.00,104.00,1.00,687.00,3,,,,,,
2007,1,1,1,1,2007-01-01,"WN",19393,"WN","N635SW","1214","STL","St. Louis, MO","MO","29","Missouri",64,"LAS","Las Vegas, NV","NV","32","Nevada",85,"0810","0808",-2.00,0.00,0.00,-1,"0800-0859",7.00,"0815","0936",10.00,"0950","0946",-4.00,0.00,0.00,-1,"0900-0959",0.00,"",0.00,220.00,218.00,201.00,1.00,1372.00,6,,,,,,
2007,1,1,1,1,2007-01-01,"WN",19393,"WN","N793","1516","STL","St. Louis, MO","MO","29","Missouri",64,"LAS","Las Vegas, NV","NV","32","Nevada",85,"1710","1711",1.00,1.00,0.00,0,"1700-1759",7.00,"1718","1824",8.00,"1850","1832",-18.00,0.00,0.00,-2,"1800-1859",0.00,"",0.00,220.00,201.00,186.00,1.00,1372.00,6,,,,,,
2007,1,1,1,1,2007-01-01,"WN",19393,"WN","N483","732","STL","St. Louis, MO","MO","29","Missouri",64,"LAX","Los Angeles, CA","CA","06","California",91,"1445","1446",1.00,1.00,0.00,0,"1400-1459",9.00,"1455","1624",7.00,"1700","1631",-29.00,0.00,0.00,-2,"1700-1759",0.00,"",0.00,255.00,225.00,209.00,1.00,1593.00,7,,,,,,
2007,1,1,1,1,2007-01-01,"WN",19393,"WN","N338","1361","STL","St. Louis, MO","MO","29","Missouri",64,"LIT","Little Rock, AR","AR","05","Arkansas",71,"1010","1014",4.00,4.00,0.00,0,"1000-1059",7.00,"1021","1103",3.00,"1115","1106",-9.00,0.00,0.00,-1,"1100-1159",0.00,"",0.00,65.00,52.00,42.00,1.00,296.00,2,,,,,,
2007,1,1,1,1,2007-01-01,"WN",19393,"WN","N682","1659","STL","St. Louis, MO","MO","29","Missouri",64,"LIT","Little Rock, AR","AR","05","Arkansas",71,"1815","1813",-2.00,0.00,0.00,-1,"1800-1859",6.00,"1819","1907",3.00,"1920","1910",-10.00,0.00,0.00,-1,"1900-1959",0.00,"",0.00,65.00,57.00,48.00,1.00,296.00,2,,,,,,
2007,1,1,1,1,2007-01-01,"WN",19393,"WN","N477","205","STL","St. Louis, MO","MO","29","Missouri",64,"MCI","Kansas City, MO","MO","29","Missouri",64,"1850","1914",24.00,24.00,1.00,1,"1800-1859",9.00,"1923","2007",9.00,"1950","2016",26.00,26.00,1.00,1,"1900-1959",0.00,"",0.00,60.00,62.00,44.00,1.00,237.00,1,14.00,0.00,2.00,0.00,10.00,
2007,1,1,1,1,2007-01-01,"WN",19393,"WN","N686SW","1315","STL","St. Louis, MO","MO","29","Missouri",64,"MCI","Kansas City, MO","MO","29","Missouri",64,"1630","1629",-1.00,0.00,0.00,-1,"1600-1659",8.00,"1637","1722",6.00,"1730","1728",-2.00,0.00,0.00,-1,"1700-1759",0.00,"",0.00,60.00,59.00,45.00,1.00,237.00,1,,,,,,
2007,1,1,1,1,2007-01-01,"WN",19393,"WN","N680","1456","STL","St. Louis, MO","MO","29","Missouri",64,"MCI","Kansas City, MO","MO","29","Missouri",64,"2125","2123",-2.00,0.00,0.00,-1,"2100-2159",8.00,"2131","2214",4.00,"2230","2218",-12.00,0.00,0.00,-1,"2200-2259",0.00,"",0.00,65.00,55.00,43.00,1.00,237.00,1,,,,,,
2007,1,1,1,1,2007-01-01,"WN",19393,"WN","N220","1565","STL","St. Louis, MO","MO","29","Missouri",64,"MCI","Kansas City, MO","MO","29","Missouri",64,"0925","0925",0.00,0.00,0.00,0,"0900-0959",8.00,"0933","1018",5.00,"1025","1023",-2.00,0.00,0.00,-1,"1000-1059",0.00,"",0.00,60.00,58.00,45.00,1.00,237.00,1,,,,,,
2007,1,1,1,1,2007-01-01,"WN",19393,"WN","N601WN","2584","STL","St. Louis, MO","MO","29","Missouri",64,"MCI","Kansas City, MO","MO","29","Missouri",64,"1230","1224",-6.00,0.00,0.00,-1,"1200-1259",5.00,"1229","1310",4.00,"1330","1314",-16.00,0.00,0.00,-2,"1300-1359",0.00,"",0.00,60.00,50.00,41.00,1.00,237.00,1,,,,,,
2007,1,1,1,1,2007-01-01,"WN",19393,"WN","N226","338","STL","St. Louis, MO","MO","29","Missouri",64,"MCO","Orlando, FL","FL","12","Florida",33,"1135","1132",-3.00,0.00,0.00,-1,"1100-1159",6.00,"1138","1432",11.00,"1450","1443",-7.00,0.00,0.00,-1,"1400-1459",0.00,"",0.00,135.00,131.00,114.00,1.00,880.00,4,,,,,,
2007,1,1,1,1,2007-01-01,"WN",19393,"WN","N432","837","STL","St. Louis, MO","MO","29","Missouri",64,"MCO","Orlando, FL","FL","12","Florida",33,"0755","0755",0.00,0.00,0.00,0,"0700-0759",8.00,"0803","1056",6.00,"1115","1102",-13.00,0.00,0.00,-1,"1100-1159",0.00,"",0.00,140.00,127.00,113.00,1.00,880.00,4,,,,,,
2007,1,1,1,1,2007-01-01,"WN",19393,"WN","N359","1844","STL","St. Louis, MO","MO","29","Missouri",64,"MCO","Orlando, FL","FL","12","Florida",33,"1740","1738",-2.00,0.00,0.00,-1,"1700-1759",9.00,"1747","2045",5.00,"2055","2050",-5.00,0.00,0.00,-1,"2000-2059",0.00,"",0.00,135.00,132.00,118.00,1.00,880.00,4,,,,,,
2007,1,1,1,1,2007-01-01,"WN",19393,"WN","N362","2175","STL","St. Louis, MO","MO","29","Missouri",64,"MCO","Orlando, FL","FL","12","Florida",33,"1410","1617",127.00,127.00,1.00,8,"1400-1459",8.00,"1625","1922",7.00,"1725","1929",124.00,124.00,1.00,8,"1700-1759",0.00,"",0.00,135.00,132.00,117.00,1.00,880.00,4,124.00,0.00,0.00,0.00,0.00,
2007,1,1,1,1,2007-01-01,"WN",19393,"WN","N509","260","STL","St. Louis, MO","MO","29","Missouri",64,"MDW","Chicago, IL","IL","17","Illinois",41,"1445","1503",18.00,18.00,1.00,1,"1400-1459",7.00,"1510","1554",5.00,"1545","1559",14.00,14.00,0.00,0,"1500-1559",0.00,"",0.00,60.00,56.00,44.00,1.00,251.00,2,,,,,,
2007,1,1,1,1,2007-01-01,"WN",19393,"WN","N671SW","739","STL","St. Louis, MO","MO","29","Missouri",64,"MDW","Chicago, IL","IL","17","Illinois",41,"2150","2144",-6.00,0.00,0.00,-1,"2100-2159",6.00,"2150","2234",4.00,"2245","2238",-7.00,0.00,0.00,-1,"2200-2259",0.00,"",0.00,55.00,54.00,44.00,1.00,251.00,2,,,,,,
2007,1,1,1,1,2007-01-01,"WN",19393,"WN","N774","1303","STL","St. Louis, MO","MO","29","Missouri",64,"MDW","Chicago, IL","IL","17","Illinois",41,"1600","1601",1.00,1.00,0.00,0,"1600-1659",7.00,"1608","1652",19.00,"1700","1711",11.00,11.00,0.00,0,"1700-1759",0.00,"",0.00,60.00,70.00,44.00,1.00,251.00,2,,,,,,
2007,1,1,1,1,2007-01-01,"WN",19393,"WN","N667SW","1919","STL","St. Louis, MO","MO","29","Missouri",64,"MDW","Chicago, IL","IL","17","Illinois",41,"0810","0810",0.00,0.00,0.00,0,"0800-0859",8.00,"0818","0905",4.00,"0910","0909",-1.00,0.00,0.00,-1,"0900-0959",0.00,"",0.00,60.00,59.00,47.00,1.00,251.00,2,,,,,,
2007,1,1,1,1,2007-01-01,"WN",19393,"WN","N502","2013","STL","St. Louis, MO","MO","29","Missouri",64,"MDW","Chicago, IL","IL","17","Illinois",41,"1900","1927",27.00,27.00,1.00,1,"1900-1959",7.00,"1934","2019",6.00,"2005","2025",20.00,20.00,1.00,1,"2000-2059",0.00,"",0.00,65.00,58.00,45.00,1.00,251.00,2,0.00,0.00,0.00,0.00,20.00,
2007,1,1,1,1,2007-01-01,"WN",19393,"WN","N419","2142","STL","St. Louis, MO","MO","29","Missouri",64,"MDW","Chicago, IL","IL","17","Illinois",41,"1150","1151",1.00,1.00,0.00,0,"1100-1159",6.00,"1157","1240",5.00,"1250","1245",-5.00,0.00,0.00,-1,"1200-1259",0.00,"",0.00,60.00,54.00,43.00,1.00,251.00,2,,,,,,
2007,1,1,1,1,2007-01-01,"WN",19393,"WN","N505","2535","STL","St. Louis, MO","MO","29","Missouri",64,"MDW","Chicago, IL","IL","17","Illinois",41,"0915","0920",5.00,5.00,0.00,0,"0900-0959",6.00,"0926","1013",5.00,"1015","1018",3.00,3.00,0.00,0,"1000-1059",0.00,"",0.00,60.00,58.00,47.00,1.00,251.00,2,,,,,,
2007,1,1,1,1,2007-01-01,"WN",19393,"WN","N303SW","2850","STL","St. Louis, MO","MO","29","Missouri",64,"MDW","Chicago, IL","IL","17","Illinois",41,"1525","1614",49.00,49.00,1.00,3,"1500-1559",5.00,"1619","1702",5.00,"1625","1707",42.00,42.00,1.00,2,"1600-1659",0.00,"",0.00,60.00,53.00,43.00,1.00,251.00,2,0.00,0.00,0.00,0.00,42.00,
2007,1,1,1,1,2007-01-01,"WN",19393,"WN","N625SW","2851","STL","St. Louis, MO","MO","29","Missouri",64,"MDW","Chicago, IL","IL","17","Illinois",41,"1705","1720",15.00,15.00,1.00,1,"1700-1759",5.00,"1725","1809",8.00,"1810","1817",7.00,7.00,0.00,0,"1800-1859",0.00,"",0.00,65.00,57.00,44.00,1.00,251.00,2,,,,,,
2007,1,1,1,1,2007-01-01,"WN",19393,"WN","N687SW","2968","STL","St. Louis, MO","MO","29","Missouri",64,"MDW","Chicago, IL","IL","17","Illinois",41,"1055","1207",72.00,72.00,1.00,4,"1000-1059",4.00,"1211","1257",4.00,"1155","1301",66.00,66.00,1.00,4,"1100-1159",0.00,"",0.00,60.00,54.00,46.00,1.00,251.00,2,66.00,0.00,0.00,0.00,0.00,
2007,1,1,1,1,2007-01-01,"WN",19393,"WN","N678","403","STL","St. Louis, MO","MO","29","Missouri",64,"OKC","Oklahoma City, OK","OK","40","Oklahoma",73,"1945","1957",12.00,12.00,0.00,0,"1900-1959",6.00,"2003","2115",4.00,"2115","2119",4.00,4.00,0.00,0,"2100-2159",0.00,"",0.00,90.00,82.00,72.00,1.00,462.00,2,,,,,,
2007,1,1,1,1,2007-01-01,"WN",19393,"WN","N647SW","2747","STL","St. Louis, MO","MO","29","Missouri",64,"OKC","Oklahoma City, OK","OK","40","Oklahoma",73,"1205","1159",-6.00,0.00,0.00,-1,"1200-1259",8.00,"1207","1318",4.00,"1340","1322",-18.00,0.00,0.00,-2,"1300-1359",0.00,"",0.00,95.00,83.00,71.00,1.00,462.00,2,,,,,,
2007,1,1,1,1,2007-01-01,"WN",19393,"WN","N432","818","STL","St. Louis, MO","MO","29","Missouri",64,"OMA","Omaha, NE","NE","31","Nebraska",65,"2055","2104",9.00,9.00,0.00,0,"2000-2059",5.00,"2109","2203",3.00,"2205","2206",1.00,1.00,0.00,0,"2200-2259",0.00,"",0.00,70.00,62.00,54.00,1.00,342.00,2,,,,,,
2007,1,1,1,1,2007-01-01,"WN",19393,"WN","N353","1134","STL","St. Louis, MO","MO","29","Missouri",64,"OMA","Omaha, NE","NE","31","Nebraska",65,"1400","1423",23.00,23.00,1.00,1,"1400-1459",6.00,"1429","1526",3.00,"1510","1529",19.00,19.00,1.00,1,"1500-1559",0.00,"",0.00,70.00,66.00,57.00,1.00,342.00,2,19.00,0.00,0.00,0.00,0.00,
2007,1,1,1,1,2007-01-01,"WN",19393,"WN","N302SW","2440","STL","St. Louis, MO","MO","29","Missouri",64,"OMA","Omaha, NE","NE","31","Nebraska",65,"0915","0912",-3.00,0.00,0.00,-1,"0900-0959",5.00,"0917","1015",3.00,"1025","1018",-7.00,0.00,0.00,-1,"1000-1059",0.00,"",0.00,70.00,66.00,58.00,1.00,342.00,2,,,,,,
2007,1,1,1,1,2007-01-01,"WN",19393,"WN","N624SW","271","STL","St. Louis, MO","MO","29","Missouri",64,"PHX","Phoenix, AZ","AZ","04","Arizona",81,"1220","1323",63.00,63.00,1.00,4,"1200-1259",6.00,"1329","1530",5.00,"1445","1535",50.00,50.00,1.00,3,"1400-1459",0.00,"",0.00,205.00,192.00,181.00,1.00,1262.00,6,50.00,0.00,0.00,0.00,0.00,
2007,1,1,1,1,2007-01-01,"WN",19393,"WN","N315SW","605","STL","St. Louis, MO","MO","29","Missouri",64,"PHX","Phoenix, AZ","AZ","04","Arizona",81,"0915","0918",3.00,3.00,0.00,0,"0900-0959",6.00,"0924","1131",5.00,"1150","1136",-14.00,0.00,0.00,-1,"1100-1159",0.00,"",0.00,215.00,198.00,187.00,1.00,1262.00,6,,,,,,
2007,1,1,1,1,2007-01-01,"WN",19393,"WN","N482","812","STL","St. Louis, MO","MO","29","Missouri",64,"PHX","Phoenix, AZ","AZ","04","Arizona",81,"1400","1401",1.00,1.00,0.00,0,"1400-1459",7.00,"1408","1602",5.00,"1630","1607",-23.00,0.00,0.00,-2,"1600-1659",0.00,"",0.00,210.00,186.00,174.00,1.00,1262.00,6,,,,,,
2007,1,1,1,1,2007-01-01,"WN",19393,"WN","N767","1819","STL","St. Louis, MO","MO","29","Missouri",64,"PHX","Phoenix, AZ","AZ","04","Arizona",81,"0645","0642",-3.00,0.00,0.00,-1,"0600-0659",7.00,"0649","0848",5.00,"0920","0853",-27.00,0.00,0.00,-2,"0900-0959",0.00,"",0.00,215.00,191.00,179.00,1.00,1262.00,6,,,,,,
2007,1,1,1,1,2007-01-01,"WN",19393,"WN","N750","2711","STL","St. Louis, MO","MO","29","Missouri",64,"PHX","Phoenix, AZ","AZ","04","Arizona",81,"1640","1640",0.00,0.00,0.00,0,"1600-1659",12.00,"1652","1845",26.00,"1910","1911",1.00,1.00,0.00,0,"1900-1959",0.00,"",0.00,210.00,211.00,173.00,1.00,1262.00,6,,,,,,
2007,1,1,1,1,2007-01-01,"WN",19393,"WN","N417","2927","STL","St. Louis, MO","MO","29","Missouri",64,"PHX","Phoenix, AZ","AZ","04","Arizona",81,"2050","2113",23.00,23.00,1.00,1,"2000-2059",10.00,"2123","2312",5.00,"2320","2317",-3.00,0.00,0.00,-1,"2300-2359",0.00,"",0.00,210.00,184.00,169.00,1.00,1262.00,6,,,,,,
2007,1,1,1,1,2007-01-01,"WN",19393,"WN","N623SW","149","STL","St. Louis, MO","MO","29","Missouri",64,"SDF","Louisville, KY","KY","21","Kentucky",52,"2000","2021",21.00,21.00,1.00,1,"2000-2059",7.00,"2028","2209",3.00,"2155","2212",17.00,17.00,1.00,1,"2100-2159",0.00,"",0.00,55.00,51.00,41.00,1.00,254.00,2,2.00,0.00,0.00,0.00,15.00,
2007,1,1,1,1,2007-01-01,"WN",19393,"WN","N384SW","1010","STL","St. Louis, MO","MO","29","Missouri",64,"SDF","Louisville, KY","KY","21","Kentucky",52,"1330","1411",41.00,41.00,1.00,2,"1300-1359",6.00,"1417","1557",3.00,"1525","1600",35.00,35.00,1.00,2,"1500-1559",0.00,"",0.00,55.00,49.00,40.00,1.00,254.00,2,35.00,0.00,0.00,0.00,0.00,
2007,1,1,1,1,2007-01-01,"WN",19393,"WN","N723","247","STL","St. Louis, MO","MO","29","Missouri",64,"SLC","Salt Lake City, UT","UT","49","Utah",87,"0835","0830",-5.00,0.00,0.00,-1,"0800-0859",6.00,"0836","1022",3.00,"1050","1025",-25.00,0.00,0.00,-2,"1000-1059",0.00,"",0.00,195.00,175.00,166.00,1.00,1156.00,5,,,,,,
2007,1,1,1,1,2007-01-01,"WN",19393,"WN","N667SW","1942","STL","St. Louis, MO","MO","29","Missouri",64,"SLC","Salt Lake City, UT","UT","49","Utah",87,"1805","1804",-1.00,0.00,0.00,-1,"1800-1859",7.00,"1811","1958",4.00,"2025","2002",-23.00,0.00,0.00,-2,"2000-2059",0.00,"",0.00,200.00,178.00,167.00,1.00,1156.00,5,,,,,,
2007,1,1,1,1,2007-01-01,"WN",19393,"WN","N452","2410","STL","St. Louis, MO","MO","29","Missouri",64,"TPA","Tampa, FL","FL","12","Florida",33,"1750","1753",3.00,3.00,0.00,0,"1700-1759",6.00,"1759","2051",5.00,"2105","2056",-9.00,0.00,0.00,-1,"2100-2159",0.00,"",0.00,135.00,123.00,112.00,1.00,869.00,4,,,,,,
2007,1,1,1,1,2007-01-01,"WN",19393,"WN","N669SW","687","STL","St. Louis, MO","MO","29","Missouri",64,"TUL","Tulsa, OK","OK","40","Oklahoma",73,"2055","2119",24.00,24.00,1.00,1,"2000-2059",6.00,"2125","2224",3.00,"2210","2227",17.00,17.00,1.00,1,"2200-2259",0.00,"",0.00,75.00,68.00,59.00,1.00,351.00,2,8.00,0.00,0.00,0.00,9.00,
2007,1,1,1,1,2007-01-01,"WN",19393,"WN","N502","2673","STL","St. Louis, MO","MO","29","Missouri",64,"TUL","Tulsa, OK","OK","40","Oklahoma",73,"0840","0842",2.00,2.00,0.00,0,"0800-0859",6.00,"0848","0943",3.00,"0955","0946",-9.00,0.00,0.00,-1,"0900-0959",0.00,"",0.00,75.00,64.00,55.00,1.00,351.00,2,,,,,,
2007,1,1,1,1,2007-01-01,"WN",19393,"WN","N769","2695","TPA","Tampa, FL","FL","12","Florida",33,"ABQ","Albuquerque, NM","NM","35","New Mexico",86,"1405","1400",-5.00,0.00,0.00,-1,"1400-1459",12.00,"1412","1530",4.00,"1600","1534",-26.00,0.00,0.00,-2,"1600-1659",0.00,"",0.00,235.00,214.00,198.00,1.00,1497.00,6,,,,,,
2007,1,1,1,1,2007-01-01,"WN",19393,"WN","N773","1167","TPA","Tampa, FL","FL","12","Florida",33,"ALB","Albany, NY","NY","36","New York",22,"1120","1122",2.00,2.00,0.00,0,"1100-1159",11.00,"1133","1347",2.00,"1405","1349",-16.00,0.00,0.00,-2,"1400-1459",0.00,"",0.00,165.00,147.00,134.00,1.00,1130.00,5,,,,,,
2007,1,1,1,1,2007-01-01,"WN",19393,"WN","N784","1482","TPA","Tampa, FL","FL","12","Florida",33,"AUS","Austin, TX","TX","48","Texas",74,"0915","0915",0.00,0.00,0.00,0,"0900-0959",8.00,"0923","1031",4.00,"1055","1035",-20.00,0.00,0.00,-2,"1000-1059",0.00,"",0.00,160.00,140.00,128.00,1.00,928.00,4,,,,,,
2007,1,1,1,1,2007-01-01,"WN",19393,"WN","N219","2344","TPA","Tampa, FL","FL","12","Florida",33,"BDL","Hartford, CT","CT","09","Connecticut",11,"2000","2024",24.00,24.00,1.00,1,"2000-2059",7.00,"2031","2238",4.00,"2240","2242",2.00,2.00,0.00,0,"2200-2259",0.00,"",0.00,160.00,138.00,127.00,1.00,1111.00,5,,,,,,
2007,1,1,1,1,2007-01-01,"WN",19393,"WN","N676SW","2844","TPA","Tampa, FL","FL","12","Florida",33,"BDL","Hartford, CT","CT","09","Connecticut",11,"1000","1007",7.00,7.00,0.00,0,"1000-1059",11.00,"1018","1230",23.00,"1245","1253",8.00,8.00,0.00,0,"1200-1259",0.00,"",0.00,165.00,166.00,132.00,1.00,1111.00,5,,,,,,
2007,1,1,1,1,2007-01-01,"WN",19393,"WN","N701GS","224","TPA","Tampa, FL","FL","12","Florida",33,"BHM","Birmingham, AL","AL","01","Alabama",51,"0825","0825",0.00,0.00,0.00,0,"0800-0859",10.00,"0835","0840",4.00,"0850","0844",-6.00,0.00,0.00,-1,"0800-0859",0.00,"",0.00,85.00,79.00,65.00,1.00,460.00,2,,,,,,
2007,1,1,1,1,2007-01-01,"WN",19393,"WN","N386SW","1929","TPA","Tampa, FL","FL","12","Florida",33,"BHM","Birmingham, AL","AL","01","Alabama",51,"1425","1455",30.00,30.00,1.00,2,"1400-1459",18.00,"1513","1520",2.00,"1455","1522",27.00,27.00,1.00,1,"1400-1459",0.00,"",0.00,90.00,87.00,67.00,1.00,460.00,2,15.00,0.00,0.00,0.00,12.00,
2007,1,1,1,1,2007-01-01,"WN",19393,"WN","N261","515","TPA","Tampa, FL","FL","12","Florida",33,"BNA","Nashville, TN","TN","47","Tennessee",54,"1440","1442",2.00,2.00,0.00,0,"1400-1459",10.00,"1452","1515",5.00,"1530","1520",-10.00,0.00,0.00,-1,"1500-1559",0.00,"",0.00,110.00,98.00,83.00,1.00,612.00,3,,,,,,
2007,1,1,1,1,2007-01-01,"WN",19393,"WN","N238","653","TPA","Tampa, FL","FL","12","Florida",33,"BNA","Nashville, TN","TN","47","Tennessee",54,"1025","1036",11.00,11.00,0.00,0,"1000-1059",10.00,"1046","1110",5.00,"1115","1115",0.00,0.00,0.00,0,"1100-1159",0.00,"",0.00,110.00,99.00,84.00,1.00,612.00,3,,,,,,
2007,1,1,1,1,2007-01-01,"WN",19393,"WN","N452","2633","TPA","Tampa, FL","FL","12","Florida",33,"BNA","Nashville, TN","TN","47","Tennessee",54,"2135","2128",-7.00,0.00,0.00,-1,"2100-2159",10.00,"2138","2159",4.00,"2225","2203",-22.00,0.00,0.00,-2,"2200-2259",0.00,"",0.00,110.00,95.00,81.00,1.00,612.00,3,,,,,,
2007,1,1,1,1,2007-01-01,"WN",19393,"WN","N380SW","2701","TPA","Tampa, FL","FL","12","Florida",33,"BNA","Nashville, TN","TN","47","Tennessee",54,"1855","1908",13.00,13.00,0.00,0,"1800-1859",11.00,"1919","1946",4.00,"1945","1950",5.00,5.00,0.00,0,"1900-1959",0.00,"",0.00,110.00,102.00,87.00,1.00,612.00,3,,,,,,
2007,1,1,1,1,2007-01-01,"WN",19393,"WN","N651SW","617","TPA","Tampa, FL","FL","12","Florida",33,"BUF","Buffalo, NY","NY","36","New York",22,"1320","1319",-1.00,0.00,0.00,-1,"1300-1359",6.00,"1325","1528",2.00,"1555","1530",-25.00,0.00,0.00,-2,"1500-1559",0.00,"",0.00,155.00,131.00,123.00,1.00,1054.00,5,,,,,,
2007,1,1,1,1,2007-01-01,"WN",19393,"WN","N619SW","144","TPA","Tampa, FL","FL","12","Florida",33,"BWI","Baltimore, MD","MD","24","Maryland",35,"1350","1358",8.00,8.00,0.00,0,"1300-1359",12.00,"1410","1558",4.00,"1600","1602",2.00,2.00,0.00,0,"1600-1659",0.00,"",0.00,130.00,124.00,108.00,1.00,842.00,4,,,,,,
2007,1,1,1,1,2007-01-01,"WN",19393,"WN","N378SW","163","TPA","Tampa, FL","FL","12","Florida",33,"BWI","Baltimore, MD","MD","24","Maryland",35,"1155","1213",18.00,18.00,1.00,1,"1100-1159",16.00,"1229","1419",5.00,"1405","1424",19.00,19.00,1.00,1,"1400-1459",0.00,"",0.00,130.00,131.00,110.00,1.00,842.00,4,15.00,0.00,1.00,0.00,3.00,
2007,1,1,1,1,2007-01-01,"WN",19393,"WN","N697SW","854","TPA","Tampa, FL","FL","12","Florida",33,"BWI","Baltimore, MD","MD","24","Maryland",35,"2055","2129",34.00,34.00,1.00,2,"2000-2059",10.00,"2139","2323",2.00,"2305","2325",20.00,20.00,1.00,1,"2300-2359",0.00,"",0.00,130.00,116.00,104.00,1.00,842.00,4,4.00,0.00,0.00,0.00,16.00,
2007,1,1,1,1,2007-01-01,"WN",19393,"WN","N659SW","932","TPA","Tampa, FL","FL","12","Florida",33,"BWI","Baltimore, MD","MD","24","Maryland",35,"1625","1630",5.00,5.00,0.00,0,"1600-1659",8.00,"1638","1819",3.00,"1840","1822",-18.00,0.00,0.00,-2,"1800-1859",0.00,"",0.00,135.00,112.00,101.00,1.00,842.00,4,,,,,,
2007,1,1,1,1,2007-01-01,"WN",19393,"WN","N746SW","998","TPA","Tampa, FL","FL","12","Florida",33,"BWI","Baltimore, MD","MD","24","Maryland",35,"1920","1939",19.00,19.00,1.00,1,"1900-1959",17.00,"1956","2143",3.00,"2135","2146",11.00,11.00,0.00,0,"2100-2159",0.00,"",0.00,135.00,127.00,107.00,1.00,842.00,4,,,,,,
2007,1,1,1,1,2007-01-01,"WN",19393,"WN","N689SW","2157","TPA","Tampa, FL","FL","12","Florida",33,"BWI","Baltimore, MD","MD","24","Maryland",35,"0730","0731",1.00,1.00,0.00,0,"0700-0759",12.00,"0743","0933",7.00,"0940","0940",0.00,0.00,0.00,0,"0900-0959",0.00,"",0.00,130.00,129.00,110.00,1.00,842.00,4,,,,,,
2007,1,1,1,1,2007-01-01,"WN",19393,"WN","N650SW","1806","TPA","Tampa, FL","FL","12","Florida",33,"CMH","Columbus, OH","OH","39","Ohio",44,"1910","1931",21.00,21.00,1.00,1,"1900-1959",11.00,"1942","2130",2.00,"2125","2132",7.00,7.00,0.00,0,"2100-2159",0.00,"",0.00,135.00,121.00,108.00,1.00,829.00,4,,,,,,
2007,1,1,1,1,2007-01-01,"WN",19393,"WN","N744SW","2503","TPA","Tampa, FL","FL","12","Florida",33,"CMH","Columbus, OH","OH","39","Ohio",44,"1110","1120",10.00,10.00,0.00,0,"1100-1159",10.00,"1130","1311",3.00,"1325","1314",-11.00,0.00,0.00,-1,"1300-1359",0.00,"",0.00,135.00,114.00,101.00,1.00,829.00,4,,,,,,
2007,1,1,1,1,2007-01-01,"WN",19393,"WN","N615SW","245","TPA","Tampa, FL","FL","12","Florida",33,"FLL","Fort Lauderdale, FL","FL","12","Florida",33,"0955","0950",-5.00,0.00,0.00,-1,"0900-0959",9.00,"0959","1035",3.00,"1055","1038",-17.00,0.00,0.00,-2,"1000-1059",0.00,"",0.00,60.00,48.00,36.00,1.00,197.00,1,,,,,,
2007,1,1,1,1,2007-01-01,"WN",19393,"WN","N483","430","TPA","Tampa, FL","FL","12","Florida",33,"FLL","Fort Lauderdale, FL","FL","12","Florida",33,"1045","1046",1.00,1.00,0.00,0,"1000-1059",24.00,"1110","1146",4.00,"1140","1150",10.00,10.00,0.00,0,"1100-1159",0.00,"",0.00,55.00,64.00,36.00,1.00,197.00,1,,,,,,
2007,1,1,1,1,2007-01-01,"WN",19393,"WN","N384SW","1010","TPA","Tampa, FL","FL","12","Florida",33,"FLL","Fort Lauderdale, FL","FL","12","Florida",33,"1815","1901",46.00,46.00,1.00,3,"1800-1859",8.00,"1909","1945",3.00,"1910","1948",38.00,38.00,1.00,2,"1900-1959",0.00,"",0.00,55.00,47.00,36.00,1.00,197.00,1,2.00,0.00,0.00,0.00,36.00,
2007,1,1,1,1,2007-01-01,"WN",19393,"WN","N760","1223","TPA","Tampa, FL","FL","12","Florida",33,"FLL","Fort Lauderdale, FL","FL","12","Florida",33,"1945","2014",29.00,29.00,1.00,1,"1900-1959",6.00,"2020","2057",4.00,"2040","2101",21.00,21.00,1.00,1,"2000-2059",0.00,"",0.00,55.00,47.00,37.00,1.00,197.00,1,6.00,0.00,0.00,0.00,15.00,
2007,1,1,1,1,2007-01-01,"WN",19393,"WN","N606SW","1266","TPA","Tampa, FL","FL","12","Florida",33,"FLL","Fort Lauderdale, FL","FL","12","Florida",33,"1640","1644",4.00,4.00,0.00,0,"1600-1659",10.00,"1654","1730",4.00,"1740","1734",-6.00,0.00,0.00,-1,"1700-1759",0.00,"",0.00,60.00,50.00,36.00,1.00,197.00,1,,,,,,
2007,1,1,1,1,2007-01-01,"WN",19393,"WN","N659SW","1576","TPA","Tampa, FL","FL","12","Florida",33,"FLL","Fort Lauderdale, FL","FL","12","Florida",33,"1335","1335",0.00,0.00,0.00,0,"1300-1359",9.00,"1344","1420",3.00,"1430","1423",-7.00,0.00,0.00,-1,"1400-1459",0.00,"",0.00,55.00,48.00,36.00,1.00,197.00,1,,,,,,
2007,1,1,1,1,2007-01-01,"WN",19393,"WN","N610SW","2095","TPA","Tampa, FL","FL","12","Florida",33,"FLL","Fort Lauderdale, FL","FL","12","Florida",33,"2150","2205",15.00,15.00,1.00,1,"2100-2159",7.00,"2212","2251",3.00,"2245","2254",9.00,9.00,0.00,0,"2200-2259",0.00,"",0.00,55.00,49.00,39.00,1.00,197.00,1,,,,,,
2007,1,1,1,1,2007-01-01,"WN",19393,"WN","N610SW","2792","TPA","Tampa, FL","FL","12","Florida",33,"FLL","Fort Lauderdale, FL","FL","12","Florida",33,"1215","1213",-2.00,0.00,0.00,-1,"1200-1259",13.00,"1226","1303",3.00,"1315","1306",-9.00,0.00,0.00,-1,"1300-1359",0.00,"",0.00,60.00,53.00,37.00,1.00,197.00,1,,,,,,
2007,1,1,1,1,2007-01-01,"WN",19393,"WN","N742","1057","TPA","Tampa, FL","FL","12","Florida",33,"HOU","Houston, TX","TX","48","Texas",74,"1515","1516",1.00,1.00,0.00,0,"1500-1559",11.00,"1527","1615",17.00,"1645","1632",-13.00,0.00,0.00,-1,"1600-1659",0.00,"",0.00,150.00,136.00,108.00,1.00,781.00,4,,,,,,
2007,1,1,1,1,2007-01-01,"WN",19393,"WN","N222","1422","TPA","Tampa, FL","FL","12","Florida",33,"HOU","Houston, TX","TX","48","Texas",74,"2030","2037",7.00,7.00,0.00,0,"2000-2059",7.00,"2044","2138",3.00,"2200","2141",-19.00,0.00,0.00,-2,"2200-2259",0.00,"",0.00,150.00,124.00,114.00,1.00,781.00,4,,,,,,
2007,1,1,1,1,2007-01-01,"WN",19393,"WN","N688SW","790","TPA","Tampa, FL","FL","12","Florida",33,"IAD","Washington, DC","DC","11","District of Columbia",32,"2000","2040",40.00,40.00,1.00,2,"2000-2059",7.00,"2047","2222",5.00,"2205","2227",22.00,22.00,1.00,1,"2200-2259",0.00,"",0.00,125.00,107.00,95.00,1.00,810.00,4,5.00,0.00,0.00,0.00,17.00,
2007,1,1,1,1,2007-01-01,"WN",19393,"WN","N737","3026","TPA","Tampa, FL","FL","12","Florida",33,"IAD","Washington, DC","DC","11","District of Columbia",32,"1015","1018",3.00,3.00,0.00,0,"1000-1059",10.00,"1028","1206",5.00,"1220","1211",-9.00,0.00,0.00,-1,"1200-1259",0.00,"",0.00,125.00,113.00,98.00,1.00,810.00,4,,,,,,
2007,1,1,1,1,2007-01-01,"WN",19393,"WN","N391SW","1265","TPA","Tampa, FL","FL","12","Florida",33,"IND","Indianapolis, IN","IN","18","Indiana",42,"1240","1303",23.00,23.00,1.00,1,"1200-1259",11.00,"1314","1506",7.00,"1500","1513",13.00,13.00,0.00,0,"1500-1559",0.00,"",0.00,140.00,130.00,112.00,1.00,838.00,4,,,,,,
2007,1,1,1,1,2007-01-01,"WN",19393,"WN","N410","1104","TPA","Tampa, FL","FL","12","Florida",33,"ISP","Islip, NY","NY","36","New York",22,"1605","1623",18.00,18.00,1.00,1,"1600-1659",12.00,"1635","1840",15.00,"1835","1855",20.00,20.00,1.00,1,"1800-1859",0.00,"",0.00,150.00,152.00,125.00,1.00,1034.00,5,3.00,0.00,2.00,0.00,15.00,
2007,1,1,1,1,2007-01-01,"WN",19393,"WN","N753","1304","TPA","Tampa, FL","FL","12","Florida",33,"ISP","Islip, NY","NY","36","New York",22,"0720","0719",-1.00,0.00,0.00,-1,"0700-0759",10.00,"0729","0934",4.00,"0950","0938",-12.00,0.00,0.00,-1,"0900-0959",0.00,"",0.00,150.00,139.00,125.00,1.00,1034.00,5,,,,,,
2007,1,1,1,1,2007-01-01,"WN",19393,"WN","N417","2182","TPA","Tampa, FL","FL","12","Florida",33,"ISP","Islip, NY","NY","36","New York",22,"1240","1242",2.00,2.00,0.00,0,"1200-1259",12.00,"1254","1457",4.00,"1515","1501",-14.00,0.00,0.00,-1,"1500-1559",0.00,"",0.00,155.00,139.00,123.00,1.00,1034.00,5,,,,,,
2007,1,1,1,1,2007-01-01,"WN",19393,"WN","N676SW","591","TPA","Tampa, FL","FL","12","Florida",33,"JAX","Jacksonville, FL","FL","12","Florida",33,"1705","1804",59.00,59.00,1.00,3,"1700-1759",14.00,"1818","1857",5.00,"1755","1902",67.00,67.00,1.00,4,"1700-1759",0.00,"",0.00,50.00,58.00,39.00,1.00,180.00,1,15.00,0.00,8.00,0.00,44.00,
2007,1,1,1,1,2007-01-01,"WN",19393,"WN","N443","2374","TPA","Tampa, FL","FL","12","Florida",33,"JAX","Jacksonville, FL","FL","12","Florida",33,"1055","1055",0.00,0.00,0.00,0,"1000-1059",7.00,"1102","1138",4.00,"1145","1142",-3.00,0.00,0.00,-1,"1100-1159",0.00,"",0.00,50.00,47.00,36.00,1.00,180.00,1,,,,,,
2007,1,1,1,1,2007-01-01,"WN",19393,"WN","N487","616","TPA","Tampa, FL","FL","12","Florida",33,"LAS","Las Vegas, NV","NV","32","Nevada",85,"0935","0936",1.00,1.00,0.00,0,"0900-0959",8.00,"0944","1100",5.00,"1140","1105",-35.00,0.00,0.00,-2,"1100-1159",0.00,"",0.00,305.00,269.00,256.00,1.00,1984.00,8,,,,,,
2007,1,1,1,1,2007-01-01,"WN",19393,"WN","N645SW","771","TPA","Tampa, FL","FL","12","Florida",33,"MCI","Kansas City, MO","MO","29","Missouri",64,"1700","1806",66.00,66.00,1.00,4,"1700-1759",13.00,"1819","1944",4.00,"1855","1948",53.00,53.00,1.00,3,"1800-1859",0.00,"",0.00,175.00,162.00,145.00,1.00,1048.00,5,1.00,0.00,0.00,0.00,52.00,
2007,1,1,1,1,2007-01-01,"WN",19393,"WN","N617SW","250","TPA","Tampa, FL","FL","12","Florida",33,"MDW","Chicago, IL","IL","17","Illinois",41,"1110","1121",11.00,11.00,0.00,0,"1100-1159",7.00,"1128","1239",3.00,"1250","1242",-8.00,0.00,0.00,-1,"1200-1259",0.00,"",0.00,160.00,141.00,131.00,1.00,997.00,4,,,,,,
2007,1,1,1,1,2007-01-01,"WN",19393,"WN","N398SW","428","TPA","Tampa, FL","FL","12","Florida",33,"MDW","Chicago, IL","IL","17","Illinois",41,"1830","1834",4.00,4.00,0.00,0,"1800-1859",8.00,"1842","1956",4.00,"2010","2000",-10.00,0.00,0.00,-1,"2000-2059",0.00,"",0.00,160.00,146.00,134.00,1.00,997.00,4,,,,,,
2007,1,1,1,1,2007-01-01,"WN",19393,"WN","N715SW","447","TPA","Tampa, FL","FL","12","Florida",33,"MDW","Chicago, IL","IL","17","Illinois",41,"0815","0814",-1.00,0.00,0.00,-1,"0800-0859",11.00,"0825","0933",5.00,"0955","0938",-17.00,0.00,0.00,-2,"0900-0959",0.00,"",0.00,160.00,144.00,128.00,1.00,997.00,4,,,,,,
2007,1,1,1,1,2007-01-01,"WN",19393,"WN","N770","822","TPA","Tampa, FL","FL","12","Florida",33,"MDW","Chicago, IL","IL","17","Illinois",41,"1355","1406",11.00,11.00,0.00,0,"1300-1359",8.00,"1414","1524",5.00,"1535","1529",-6.00,0.00,0.00,-1,"1500-1559",0.00,"",0.00,160.00,143.00,130.00,1.00,997.00,4,,,,,,
2007,1,1,1,1,2007-01-01,"WN",19393,"WN","N421","892","TPA","Tampa, FL","FL","12","Florida",33,"MDW","Chicago, IL","IL","17","Illinois",41,"2010","2028",18.00,18.00,1.00,1,"2000-2059",6.00,"2034","2139",5.00,"2150","2144",-6.00,0.00,0.00,-1,"2100-2159",0.00,"",0.00,160.00,136.00,125.00,1.00,997.00,4,,,,,,
2007,1,1,1,1,2007-01-01,"WN",19393,"WN","N678","2917","TPA","Tampa, FL","FL","12","Florida",33,"MDW","Chicago, IL","IL","17","Illinois",41,"1610","1621",11.00,11.00,0.00,0,"1600-1659",11.00,"1632","1748",5.00,"1750","1753",3.00,3.00,0.00,0,"1700-1759",0.00,"",0.00,160.00,152.00,136.00,1.00,997.00,4,,,,,,
2007,1,1,1,1,2007-01-01,"WN",19393,"WN","N306SW","228","TPA","Tampa, FL","FL","12","Florida",33,"MHT","Manchester, NH","NH","33","New Hampshire",14,"1520","1545",25.00,25.00,1.00,1,"1500-1559",9.00,"1554","1815",4.00,"1820","1819",-1.00,0.00,0.00,-1,"1800-1859",0.00,"",0.00,180.00,154.00,141.00,1.00,1204.00,5,,,,,,
2007,1,1,1,1,2007-01-01,"WN",19393,"WN","N423","845","TPA","Tampa, FL","FL","12","Florida",33,"MHT","Manchester, NH","NH","33","New Hampshire",14,"1125","1125",0.00,0.00,0.00,0,"1100-1159",13.00,"1138","1352",3.00,"1415","1355",-20.00,0.00,0.00,-2,"1400-1459",0.00,"",0.00,170.00,150.00,134.00,1.00,1204.00,5,,,,,,
2007,1,1,1,1,2007-01-01,"WN",19393,"WN","N366","949","TPA","Tampa, FL","FL","12","Florida",33,"MHT","Manchester, NH","NH","33","New Hampshire",14,"1955","1955",0.00,0.00,0.00,0,"1900-1959",18.00,"2013","2232",4.00,"2255","2236",-19.00,0.00,0.00,-2,"2200-2259",0.00,"",0.00,180.00,161.00,139.00,1.00,1204.00,5,,,,,,
2007,1,1,1,1,2007-01-01,"WN",19393,"WN","N773","129","TPA","Tampa, FL","FL","12","Florida",33,"MSY","New Orleans, LA","LA","22","Louisiana",72,"1810","1818",8.00,8.00,0.00,0,"1800-1859",9.00,"1827","1841",8.00,"1850","1849",-1.00,0.00,0.00,-1,"1800-1859",0.00,"",0.00,100.00,91.00,74.00,1.00,487.00,2,,,,,,
2007,1,1,1,1,2007-01-01,"WN",19393,"WN","N305SW","158","TPA","Tampa, FL","FL","12","Florida",33,"MSY","New Orleans, LA","LA","22","Louisiana",72,"1450","1532",42.00,42.00,1.00,2,"1400-1459",9.00,"1541","1554",5.00,"1530","1559",29.00,29.00,1.00,1,"1500-1559",0.00,"",0.00,100.00,87.00,73.00,1.00,487.00,2,6.00,0.00,0.00,0.00,23.00,
2007,1,1,1,1,2007-01-01,"WN",19393,"WN","N512","1008","TPA","Tampa, FL","FL","12","Florida",33,"MSY","New Orleans, LA","LA","22","Louisiana",72,"0745","0744",-1.00,0.00,0.00,-1,"0700-0759",13.00,"0757","0820",3.00,"0825","0823",-2.00,0.00,0.00,-1,"0800-0859",0.00,"",0.00,100.00,99.00,83.00,1.00,487.00,2,,,,,,
2007,1,1,1,1,2007-01-01,"WN",19393,"WN","N425","314","TPA","Tampa, FL","FL","12","Florida",33,"PBI","West Palm Beach/Palm Beach, FL","FL","12","Florida",33,"2215","2217",2.00,2.00,0.00,0,"2200-2259",6.00,"2223","2252",4.00,"2300","2256",-4.00,0.00,0.00,-1,"2300-2359",0.00,"",0.00,45.00,39.00,29.00,1.00,174.00,1,,,,,,
2007,1,1,1,1,2007-01-01,"WN",19393,"WN","N733SW","710","TPA","Tampa, FL","FL","12","Florida",33,"PBI","West Palm Beach/Palm Beach, FL","FL","12","Florida",33,"1245","1253",8.00,8.00,0.00,0,"1200-1259",10.00,"1303","1336",4.00,"1335","1340",5.00,5.00,0.00,0,"1300-1359",0.00,"",0.00,50.00,47.00,33.00,1.00,174.00,1,,,,,,
2007,1,1,1,1,2007-01-01,"WN",19393,"WN","N421","915","TPA","Tampa, FL","FL","12","Florida",33,"PBI","West Palm Beach/Palm Beach, FL","FL","12","Florida",33,"1740","1751",11.00,11.00,0.00,0,"1700-1759",15.00,"1806","1837",6.00,"1830","1843",13.00,13.00,0.00,0,"1800-1859",0.00,"",0.00,50.00,52.00,31.00,1.00,174.00,1,,,,,,
2007,1,1,1,1,2007-01-01,"WN",19393,"WN","N480","556","TPA","Tampa, FL","FL","12","Florida",33,"PHL","Philadelphia, PA","PA","42","Pennsylvania",23,"2005","2042",37.00,37.00,1.00,2,"2000-2059",9.00,"2051","2241",13.00,"2240","2254",14.00,14.00,0.00,0,"2200-2259",0.00,"",0.00,155.00,132.00,110.00,1.00,920.00,4,,,,,,
2007,1,1,1,1,2007-01-01,"WN",19393,"WN","N759","2741","TPA","Tampa, FL","FL","12","Florida",33,"PHL","Philadelphia, PA","PA","42","Pennsylvania",23,"0700","0658",-2.00,0.00,0.00,-1,"0700-0759",8.00,"0706","0925",5.00,"0930","0930",0.00,0.00,0.00,0,"0900-0959",0.00,"",0.00,150.00,152.00,139.00,1.00,920.00,4,,,,,,
2007,1,1,1,1,2007-01-01,"WN",19393,"WN","N783","2951","TPA","Tampa, FL","FL","12","Florida",33,"PHL","Philadelphia, PA","PA","42","Pennsylvania",23,"1055","1055",0.00,0.00,0.00,0,"1000-1059",8.00,"1103","1302",6.00,"1320","1308",-12.00,0.00,0.00,-1,"1300-1359",0.00,"",0.00,145.00,133.00,119.00,1.00,920.00,4,,,,,,
2007,1,1,1,1,2007-01-01,"WN",19393,"WN","N733SW","1149","TPA","Tampa, FL","FL","12","Florida",33,"PHX","Phoenix, AZ","AZ","04","Arizona",81,"1520","1550",30.00,30.00,1.00,2,"1500-1559",8.00,"1558","1753",6.00,"1805","1759",-6.00,0.00,0.00,-1,"1800-1859",0.00,"",0.00,285.00,249.00,235.00,1.00,1788.00,8,,,,,,
2007,1,1,1,1,2007-01-01,"WN",19393,"WN","N425","2999","TPA","Tampa, FL","FL","12","Florida",33,"PIT","Pittsburgh, PA","PA","42","Pennsylvania",23,"1035","1034",-1.00,0.00,0.00,-1,"1000-1059",11.00,"1045","1227",5.00,"1250","1232",-18.00,0.00,0.00,-2,"1200-1259",0.00,"",0.00,135.00,118.00,102.00,1.00,873.00,4,,,,,,
2007,1,1,1,1,2007-01-01,"WN",19393,"WN","N782","759","TPA","Tampa, FL","FL","12","Florida",33,"PVD","Providence, RI","RI","44","Rhode Island",15,"0645","0644",-1.00,0.00,0.00,-1,"0600-0659",8.00,"0652","0908",4.00,"0930","0912",-18.00,0.00,0.00,-2,"0900-0959",0.00,"",0.00,165.00,148.00,136.00,1.00,1137.00,5,,,,,,
2007,1,1,1,1,2007-01-01,"WN",19393,"WN","N701GS","802","TPA","Tampa, FL","FL","12","Florida",33,"PVD","Providence, RI","RI","44","Rhode Island",15,"1805","1822",17.00,17.00,1.00,1,"1800-1859",10.00,"1832","2047",7.00,"2050","2054",4.00,4.00,0.00,0,"2000-2059",0.00,"",0.00,165.00,152.00,135.00,1.00,1137.00,5,,,,,,
2007,1,1,1,1,2007-01-01,"WN",19393,"WN","N704SW","880","TPA","Tampa, FL","FL","12","Florida",33,"PVD","Providence, RI","RI","44","Rhode Island",15,"1040","1039",-1.00,0.00,0.00,-1,"1000-1059",8.00,"1047","1303",6.00,"1325","1309",-16.00,0.00,0.00,-2,"1300-1359",0.00,"",0.00,165.00,150.00,136.00,1.00,1137.00,5,,,,,,
2007,1,1,1,1,2007-01-01,"WN",19393,"WN","N258","560","TPA","Tampa, FL","FL","12","Florida",33,"RDU","Raleigh/Durham, NC","NC","37","North Carolina",36,"1435","1445",10.00,10.00,0.00,0,"1400-1459",13.00,"1458","1616",4.00,"1620","1620",0.00,0.00,0.00,0,"1600-1659",0.00,"",0.00,105.00,95.00,78.00,1.00,587.00,3,,,,,,
2007,1,1,1,1,2007-01-01,"WN",19393,"WN","N631SW","1693","TPA","Tampa, FL","FL","12","Florida",33,"RDU","Raleigh/Durham, NC","NC","37","North Carolina",36,"1930","1959",29.00,29.00,1.00,1,"1900-1959",16.00,"2015","2134",4.00,"2115","2138",23.00,23.00,1.00,1,"2100-2159",0.00,"",0.00,105.00,99.00,79.00,1.00,587.00,3,0.00,0.00,0.00,0.00,23.00,
2007,1,1,1,1,2007-01-01,"WN",19393,"WN","N394SW","2323","TPA","Tampa, FL","FL","12","Florida",33,"RDU","Raleigh/Durham, NC","NC","37","North Carolina",36,"0945","0946",1.00,1.00,0.00,0,"0900-0959",8.00,"0954","1114",4.00,"1125","1118",-7.00,0.00,0.00,-1,"1100-1159",0.00,"",0.00,100.00,92.00,80.00,1.00,587.00,3,,,,,,
2007,1,1,1,1,2007-01-01,"WN",19393,"WN","N308SW","2318","TPA","Tampa, FL","FL","12","Florida",33,"SAT","San Antonio, TX","TX","48","Texas",74,"0810","0806",-4.00,0.00,0.00,-1,"0800-0859",12.00,"0818","0936",4.00,"1000","0940",-20.00,0.00,0.00,-2,"1000-1059",0.00,"",0.00,170.00,154.00,138.00,1.00,972.00,4,,,,,,
2007,1,1,1,1,2007-01-01,"WN",19393,"WN","N477","205","TPA","Tampa, FL","FL","12","Florida",33,"SDF","Louisville, KY","KY","21","Kentucky",52,"1555","1552",-3.00,0.00,0.00,-1,"1500-1559",13.00,"1605","1743",3.00,"1800","1746",-14.00,0.00,0.00,-1,"1800-1859",0.00,"",0.00,125.00,114.00,98.00,1.00,727.00,3,,,,,,
2007,1,1,1,1,2007-01-01,"WN",19393,"WN","N432","818","TPA","Tampa, FL","FL","12","Florida",33,"STL","St. Louis, MO","MO","29","Missouri",64,"1905","1918",13.00,13.00,0.00,0,"1900-1959",14.00,"1932","2026",3.00,"2030","2029",-1.00,0.00,0.00,-1,"2000-2059",0.00,"",0.00,145.00,131.00,114.00,1.00,869.00,4,,,,,,
2007,1,1,1,1,2007-01-01,"WN",19393,"WN","N624SW","11","TUL","Tulsa, OK","OK","40","Oklahoma",73,"DAL","Dallas, TX","TX","48","Texas",74,"0815","0816",1.00,1.00,0.00,0,"0800-0859",7.00,"0823","0904",2.00,"0910","0906",-4.00,0.00,0.00,-1,"0900-0959",0.00,"",0.00,55.00,50.00,41.00,1.00,237.00,1,,,,,,
2007,1,1,1,1,2007-01-01,"WN",19393,"WN","N660SW","188","TUL","Tulsa, OK","OK","40","Oklahoma",73,"DAL","Dallas, TX","TX","48","Texas",74,"1100","1058",-2.00,0.00,0.00,-1,"1100-1159",6.00,"1104","1145",2.00,"1155","1147",-8.00,0.00,0.00,-1,"1100-1159",0.00,"",0.00,55.00,49.00,41.00,1.00,237.00,1,,,,,,
2007,1,1,1,1,2007-01-01,"WN",19393,"WN","N523","533","TUL","Tulsa, OK","OK","40","Oklahoma",73,"DAL","Dallas, TX","TX","48","Texas",74,"1730","1746",16.00,16.00,1.00,1,"1700-1759",7.00,"1753","1834",2.00,"1825","1836",11.00,11.00,0.00,0,"1800-1859",0.00,"",0.00,55.00,50.00,41.00,1.00,237.00,1,,,,,,
2007,1,1,1,1,2007-01-01,"WN",19393,"WN","N503","572","TUL","Tulsa, OK","OK","40","Oklahoma",73,"DAL","Dallas, TX","TX","48","Texas",74,"1535","1543",8.00,8.00,0.00,0,"1500-1559",7.00,"1550","1634",4.00,"1635","1638",3.00,3.00,0.00,0,"1600-1659",0.00,"",0.00,60.00,55.00,44.00,1.00,237.00,1,,,,,,
2007,1,1,1,1,2007-01-01,"WN",19393,"WN","N343","1548","TUL","Tulsa, OK","OK","40","Oklahoma",73,"DAL","Dallas, TX","TX","48","Texas",74,"1415","1411",-4.00,0.00,0.00,-1,"1400-1459",6.00,"1417","1500",1.00,"1510","1501",-9.00,0.00,0.00,-1,"1500-1559",0.00,"",0.00,55.00,50.00,43.00,1.00,237.00,1,,,,,,
2007,1,1,1,1,2007-01-01,"WN",19393,"WN","N515","2205","TUL","Tulsa, OK","OK","40","Oklahoma",73,"DAL","Dallas, TX","TX","48","Texas",74,"1955","1950",-5.00,0.00,0.00,-1,"1900-1959",7.00,"1957","2037",3.00,"2050","2040",-10.00,0.00,0.00,-1,"2000-2059",0.00,"",0.00,55.00,50.00,40.00,1.00,237.00,1,,,,,,
2007,1,1,1,1,2007-01-01,"WN",19393,"WN","N519","138","TUL","Tulsa, OK","OK","40","Oklahoma",73,"HOU","Houston, TX","TX","48","Texas",74,"1555","1553",-2.00,0.00,0.00,-1,"1500-1559",5.00,"1558","1715",4.00,"1725","1719",-6.00,0.00,0.00,-1,"1700-1759",0.00,"",0.00,90.00,86.00,77.00,1.00,453.00,2,,,,,,
2007,1,1,1,1,2007-01-01,"WN",19393,"WN","N651SW","368","TUL","Tulsa, OK","OK","40","Oklahoma",73,"HOU","Houston, TX","TX","48","Texas",74,"2040","2122",42.00,42.00,1.00,2,"2000-2059",6.00,"2128","2243",2.00,"2210","2245",35.00,35.00,1.00,2,"2200-2259",0.00,"",0.00,90.00,83.00,75.00,1.00,453.00,2,0.00,0.00,0.00,0.00,35.00,
2007,1,1,1,1,2007-01-01,"WN",19393,"WN","N502","2673","TUL","Tulsa, OK","OK","40","Oklahoma",73,"HOU","Houston, TX","TX","48","Texas",74,"1020","1015",-5.00,0.00,0.00,-1,"1000-1059",5.00,"1020","1133",3.00,"1155","1136",-19.00,0.00,0.00,-2,"1100-1159",0.00,"",0.00,95.00,81.00,73.00,1.00,453.00,2,,,,,,
2007,1,1,1,1,2007-01-01,"WN",19393,"WN","N526","1611","TUL","Tulsa, OK","OK","40","Oklahoma",73,"LAS","Las Vegas, NV","NV","32","Nevada",85,"0945","0942",-3.00,0.00,0.00,-1,"0900-0959",6.00,"0948","1025",3.00,"1050","1028",-22.00,0.00,0.00,-2,"1000-1059",0.00,"",0.00,185.00,166.00,157.00,1.00,1076.00,5,,,,,,
2007,1,1,1,1,2007-01-01,"WN",19393,"WN","N625SW","1075","TUL","Tulsa, OK","OK","40","Oklahoma",73,"MCI","Kansas City, MO","MO","29","Missouri",64,"1230","1228",-2.00,0.00,0.00,-1,"1200-1259",6.00,"1234","1309",5.00,"1325","1314",-11.00,0.00,0.00,-1,"1300-1359",0.00,"",0.00,55.00,46.00,35.00,1.00,223.00,1,,,,,,
2007,1,1,1,1,2007-01-01,"WN",19393,"WN","N505","1924","TUL","Tulsa, OK","OK","40","Oklahoma",73,"MCI","Kansas City, MO","MO","29","Missouri",64,"1800","1825",25.00,25.00,1.00,1,"1800-1859",9.00,"1834","1909",5.00,"1855","1914",19.00,19.00,1.00,1,"1800-1859",0.00,"",0.00,55.00,49.00,35.00,1.00,223.00,1,0.00,0.00,0.00,0.00,19.00,
2007,1,1,1,1,2007-01-01,"WN",19393,"WN","N438","226","TUL","Tulsa, OK","OK","40","Oklahoma",73,"PHX","Phoenix, AZ","AZ","04","Arizona",81,"1610","1611",1.00,1.00,0.00,0,"1600-1659",8.00,"1619","1729",6.00,"1750","1735",-15.00,0.00,0.00,-1,"1700-1759",0.00,"",0.00,160.00,144.00,130.00,1.00,935.00,4,,,,,,
2007,1,1,1,1,2007-01-01,"WN",19393,"WN","N239","1590","TUL","Tulsa, OK","OK","40","Oklahoma",73,"PHX","Phoenix, AZ","AZ","04","Arizona",81,"1235","1231",-4.00,0.00,0.00,-1,"1200-1259",5.00,"1236","1348",5.00,"1415","1353",-22.00,0.00,0.00,-2,"1400-1459",0.00,"",0.00,160.00,142.00,132.00,1.00,935.00,4,,,,,,
2007,1,1,1,1,2007-01-01,"WN",19393,"WN","N621SW","2269","TUL","Tulsa, OK","OK","40","Oklahoma",73,"PHX","Phoenix, AZ","AZ","04","Arizona",81,"0620","0617",-3.00,0.00,0.00,-1,"0600-0659",8.00,"0625","0745",4.00,"0805","0749",-16.00,0.00,0.00,-2,"0800-0859",0.00,"",0.00,165.00,152.00,140.00,1.00,935.00,4,,,,,,
2007,1,1,1,1,2007-01-01,"WN",19393,"WN","N526","198","TUL","Tulsa, OK","OK","40","Oklahoma",73,"STL","St. Louis, MO","MO","29","Missouri",64,"1935","1943",8.00,8.00,0.00,0,"1900-1959",7.00,"1950","2042",10.00,"2045","2052",7.00,7.00,0.00,0,"2000-2059",0.00,"",0.00,70.00,69.00,52.00,1.00,351.00,2,,,,,,
2007,1,1,1,1,2007-01-01,"WN",19393,"WN","N664WN","2574","TUL","Tulsa, OK","OK","40","Oklahoma",73,"STL","St. Louis, MO","MO","29","Missouri",64,"0740","0736",-4.00,0.00,0.00,-1,"0700-0759",7.00,"0743","0849",4.00,"0850","0853",3.00,3.00,0.00,0,"0800-0859",0.00,"",0.00,70.00,77.00,66.00,1.00,351.00,2,,,,,,
2007,1,1,1,1,2007-01-01,"WN",19393,"WN","N705SW","1593","TUS","Tucson, AZ","AZ","04","Arizona",81,"ABQ","Albuquerque, NM","NM","35","New Mexico",86,"0740","0739",-1.00,0.00,0.00,-1,"0700-0759",6.00,"0745","0828",4.00,"0840","0832",-8.00,0.00,0.00,-1,"0800-0859",0.00,"",0.00,60.00,53.00,43.00,1.00,321.00,2,,,,,,
2007,1,1,1,1,2007-01-01,"WN",19393,"WN","N767","2044","TUS","Tucson, AZ","AZ","04","Arizona",81,"ABQ","Albuquerque, NM","NM","35","New Mexico",86,"1645","1643",-2.00,0.00,0.00,-1,"1600-1659",7.00,"1650","1733",4.00,"1745","1737",-8.00,0.00,0.00,-1,"1700-1759",0.00,"",0.00,60.00,54.00,43.00,1.00,321.00,2,,,,,,
2007,1,1,1,1,2007-01-01,"WN",19393,"WN","N329SW","283","TUS","Tucson, AZ","AZ","04","Arizona",81,"LAS","Las Vegas, NV","NV","32","Nevada",85,"0945","0941",-4.00,0.00,0.00,-1,"0900-0959",7.00,"0948","0944",4.00,"1005","0948",-17.00,0.00,0.00,-2,"1000-1059",0.00,"",0.00,80.00,67.00,56.00,1.00,365.00,2,,,,,,
2007,1,1,1,1,2007-01-01,"WN",19393,"WN","N713SW","753","TUS","Tucson, AZ","AZ","04","Arizona",81,"LAS","Las Vegas, NV","NV","32","Nevada",85,"1915","1950",35.00,35.00,1.00,2,"1900-1959",6.00,"1956","1951",5.00,"1930","1956",26.00,26.00,1.00,1,"1900-1959",0.00,"",0.00,75.00,66.00,55.00,1.00,365.00,2,1.00,0.00,0.00,0.00,25.00,
2007,1,1,1,1,2007-01-01,"WN",19393,"WN","N495","1461","TUS","Tucson, AZ","AZ","04","Arizona",81,"LAS","Las Vegas, NV","NV","32","Nevada",85,"1520","1538",18.00,18.00,1.00,1,"1500-1559",5.00,"1543","1539",3.00,"1535","1542",7.00,7.00,0.00,0,"1500-1559",0.00,"",0.00,75.00,64.00,56.00,1.00,365.00,2,,,,,,
2007,1,1,1,1,2007-01-01,"WN",19393,"WN","N406","1465","TUS","Tucson, AZ","AZ","04","Arizona",81,"LAS","Las Vegas, NV","NV","32","Nevada",85,"2110","2104",-6.00,0.00,0.00,-1,"2100-2159",8.00,"2112","2111",5.00,"2125","2116",-9.00,0.00,0.00,-1,"2100-2159",0.00,"",0.00,75.00,72.00,59.00,1.00,365.00,2,,,,,,
2007,1,1,1,1,2007-01-01,"WN",19393,"WN","N632SW","1890","TUS","Tucson, AZ","AZ","04","Arizona",81,"LAS","Las Vegas, NV","NV","32","Nevada",85,"1345","1345",0.00,0.00,0.00,0,"1300-1359",10.00,"1355","1353",5.00,"1400","1358",-2.00,0.00,0.00,-1,"1400-1459",0.00,"",0.00,75.00,73.00,58.00,1.00,365.00,2,,,,,,
2007,1,1,1,1,2007-01-01,"WN",19393,"WN","N725","2963","TUS","Tucson, AZ","AZ","04","Arizona",81,"LAS","Las Vegas, NV","NV","32","Nevada",85,"0715","0715",0.00,0.00,0.00,0,"0700-0759",7.00,"0722","0718",4.00,"0730","0722",-8.00,0.00,0.00,-1,"0700-0759",0.00,"",0.00,75.00,67.00,56.00,1.00,365.00,2,,,,,,
2007,1,1,1,1,2007-01-01,"WN",19393,"WN","N706SW","165","TUS","Tucson, AZ","AZ","04","Arizona",81,"LAX","Los Angeles, CA","CA","06","California",91,"1435","1447",12.00,12.00,0.00,0,"1400-1459",6.00,"1453","1458",6.00,"1505","1504",-1.00,0.00,0.00,-1,"1500-1559",0.00,"",0.00,90.00,77.00,65.00,1.00,451.00,2,,,,,,
2007,1,1,1,1,2007-01-01,"WN",19393,"WN","N249","496","TUS","Tucson, AZ","AZ","04","Arizona",81,"LAX","Los Angeles, CA","CA","06","California",91,"1820","1846",26.00,26.00,1.00,1,"1800-1859",5.00,"1851","1856",7.00,"1850","1903",13.00,13.00,0.00,0,"1800-1859",0.00,"",0.00,90.00,77.00,65.00,1.00,451.00,2,,,,,,
2007,1,1,1,1,2007-01-01,"WN",19393,"WN","N700GS","569","TUS","Tucson, AZ","AZ","04","Arizona",81,"LAX","Los Angeles, CA","CA","06","California",91,"0800","0800",0.00,0.00,0.00,0,"0800-0859",9.00,"0809","0817",8.00,"0830","0825",-5.00,0.00,0.00,-1,"0800-0859",0.00,"",0.00,90.00,85.00,68.00,1.00,451.00,2,,,,,,
2007,1,1,1,1,2007-01-01,"WN",19393,"WN","N260","2081","TUS","Tucson, AZ","AZ","04","Arizona",81,"LAX","Los Angeles, CA","CA","06","California",91,"2115","2125",10.00,10.00,0.00,0,"2100-2159",6.00,"2131","2137",10.00,"2145","2147",2.00,2.00,0.00,0,"2100-2159",0.00,"",0.00,90.00,82.00,66.00,1.00,451.00,2,,,,,,
2007,1,1,1,1,2007-01-01,"WN",19393,"WN","N706SW","2970","TUS","Tucson, AZ","AZ","04","Arizona",81,"LAX","Los Angeles, CA","CA","06","California",91,"1050","1051",1.00,1.00,0.00,0,"1000-1059",7.00,"1058","1106",10.00,"1120","1116",-4.00,0.00,0.00,-1,"1100-1159",0.00,"",0.00,90.00,85.00,68.00,1.00,451.00,2,,,,,,
2007,1,1,1,1,2007-01-01,"WN",19393,"WN","N415","379","TUS","Tucson, AZ","AZ","04","Arizona",81,"MDW","Chicago, IL","IL","17","Illinois",41,"1025","1024",-1.00,0.00,0.00,-1,"1000-1059",6.00,"1030","1417",6.00,"1440","1423",-17.00,0.00,0.00,-2,"1400-1459",0.00,"",0.00,195.00,179.00,167.00,1.00,1440.00,6,,,,,,
2007,1,1,1,1,2007-01-01,"WN",19393,"WN","N332","1117","TUS","Tucson, AZ","AZ","04","Arizona",81,"SAN","San Diego, CA","CA","06","California",91,"1200","1201",1.00,1.00,0.00,0,"1200-1259",6.00,"1207","1205",3.00,"1215","1208",-7.00,0.00,0.00,-1,"1200-1259",0.00,"",0.00,75.00,67.00,58.00,1.00,367.00,2,,,,,,
2007,1,1,1,1,2007-01-01,"WN",19393,"WN","N734SW","1752","TUS","Tucson, AZ","AZ","04","Arizona",81,"SAN","San Diego, CA","CA","06","California",91,"1730","1724",-6.00,0.00,0.00,-1,"1700-1759",8.00,"1732","1727",3.00,"1745","1730",-15.00,0.00,0.00,-1,"1700-1759",0.00,"",0.00,75.00,66.00,55.00,1.00,367.00,2,,,,,,
2007,1,1,2,2,2007-01-02,"WN",19393,"WN","N673","227","ABQ","Albuquerque, NM","NM","35","New Mexico",86,"AMA","Amarillo, TX","TX","48","Texas",74,"1955","2020",25.00,25.00,1.00,1,"1900-1959",9.00,"2029","2213",6.00,"2150","2219",29.00,29.00,1.00,1,"2100-2159",0.00,"",0.00,55.00,59.00,44.00,1.00,277.00,2,18.00,0.00,4.00,0.00,7.00,
2007,1,1,2,2,2007-01-02,"WN",19393,"WN","N663SW","1342","ABQ","Albuquerque, NM","NM","35","New Mexico",86,"AMA","Amarillo, TX","TX","48","Texas",74,"1110","1110",0.00,0.00,0.00,0,"1100-1159",6.00,"1116","1259",2.00,"1305","1301",-4.00,0.00,0.00,-1,"1300-1359",0.00,"",0.00,55.00,51.00,43.00,1.00,277.00,2,,,,,,
2007,1,1,2,2,2007-01-02,"WN",19393,"WN","N461","1593","ABQ","Albuquerque, NM","NM","35","New Mexico",86,"BWI","Baltimore, MD","MD","24","Maryland",35,"0910","0911",1.00,1.00,0.00,0,"0900-0959",7.00,"0918","1433",3.00,"1445","1436",-9.00,0.00,0.00,-1,"1400-1459",0.00,"",0.00,215.00,205.00,195.00,1.00,1670.00,7,,,,,,
2007,1,1,2,2,2007-01-02,"WN",19393,"WN","N353","15","ABQ","Albuquerque, NM","NM","35","New Mexico",86,"DAL","Dallas, TX","TX","48","Texas",74,"0700","0718",18.00,18.00,1.00,1,"0700-0759",15.00,"0733","0957",3.00,"0935","1000",25.00,25.00,1.00,1,"0900-0959",0.00,"",0.00,95.00,102.00,84.00,1.00,580.00,3,18.00,0.00,7.00,0.00,0.00,
2007,1,1,2,2,2007-01-02,"WN",19393,"WN","N603SW","45","ABQ","Albuquerque, NM","NM","35","New Mexico",86,"DAL","Dallas, TX","TX","48","Texas",74,"1430","1445",15.00,15.00,1.00,1,"1400-1459",11.00,"1456","1718",3.00,"1705","1721",16.00,16.00,1.00,1,"1700-1759",0.00,"",0.00,95.00,96.00,82.00,1.00,580.00,3,0.00,0.00,1.00,0.00,15.00,
2007,1,1,2,2,2007-01-02,"WN",19393,"WN","N332","375","ABQ","Albuquerque, NM","NM","35","New Mexico",86,"DAL","Dallas, TX","TX","48","Texas",74,"2105","2154",49.00,49.00,1.00,3,"2100-2159",11.00,"2205","0023",3.00,"2330","0026",56.00,56.00,1.00,3,"2300-2359",0.00,"",0.00,85.00,92.00,78.00,1.00,580.00,3,26.00,0.00,7.00,0.00,23.00,
2007,1,1,2,2,2007-01-02,"WN",19393,"WN","N232","2132","ABQ","Albuquerque, NM","NM","35","New Mexico",86,"DAL","Dallas, TX","TX","48","Texas",74,"0955","1018",23.00,23.00,1.00,1,"0900-0959",8.00,"1026","1249",4.00,"1230","1253",23.00,23.00,1.00,1,"1200-1259",0.00,"",0.00,95.00,95.00,83.00,1.00,580.00,3,0.00,0.00,0.00,0.00,23.00,
2007,1,1,2,2,2007-01-02,"WN",19393,"WN","N462","2296","ABQ","Albuquerque, NM","NM","35","New Mexico",86,"DAL","Dallas, TX","TX","48","Texas",74,"1120","1120",0.00,0.00,0.00,0,"1100-1159",5.00,"1125","1346",3.00,"1355","1349",-6.00,0.00,0.00,-1,"1300-1359",0.00,"",0.00,95.00,89.00,81.00,1.00,580.00,3,,,,,,
2007,1,1,2,2,2007-01-02,"WN",19393,"WN","N349","2399","ABQ","Albuquerque, NM","NM","35","New Mexico",86,"DAL","Dallas, TX","TX","48","Texas",74,"1805","1846",41.00,41.00,1.00,2,"1800-1859",8.00,"1854","2116",4.00,"2035","2120",45.00,45.00,1.00,3,"2000-2059",0.00,"",0.00,90.00,94.00,82.00,1.00,580.00,3,0.00,0.00,4.00,0.00,41.00,
2007,1,1,2,2,2007-01-02,"WN",19393,"WN","N270","2593","ABQ","Albuquerque, NM","NM","35","New Mexico",86,"DAL","Dallas, TX","TX","48","Texas",74,"1610","1622",12.00,12.00,0.00,0,"1600-1659",5.00,"1627","1847",6.00,"1845","1853",8.00,8.00,0.00,0,"1800-1859",0.00,"",0.00,95.00,91.00,80.00,1.00,580.00,3,,,,,,
2007,1,1,2,2,2007-01-02,"WN",19393,"WN","N691WN","204","ABQ","Albuquerque, NM","NM","35","New Mexico",86,"ELP","El Paso, TX","TX","48","Texas",74,"0635","0641",6.00,6.00,0.00,0,"0600-0659",14.00,"0655","0733",5.00,"0730","0738",8.00,8.00,0.00,0,"0700-0759",0.00,"",0.00,55.00,57.00,38.00,1.00,223.00,1,,,,,,
2007,1,1,2,2,2007-01-02,"WN",19393,"WN","N708SA","749","ABQ","Albuquerque, NM","NM","35","New Mexico",86,"ELP","El Paso, TX","TX","48","Texas",74,"1915","1924",9.00,9.00,0.00,0,"1900-1959",10.00,"1934","2010",5.00,"2005","2015",10.00,10.00,0.00,0,"2000-2059",0.00,"",0.00,50.00,51.00,36.00,1.00,223.00,1,,,,,,
2007,1,1,2,2,2007-01-02,"WN",19393,"WN","N479","1166","ABQ","Albuquerque, NM","NM","35","New Mexico",86,"ELP","El Paso, TX","TX","48","Texas",74,"1120","1123",3.00,3.00,0.00,0,"1100-1159",7.00,"1130","1218",11.00,"1215","1229",14.00,14.00,0.00,0,"1200-1259",0.00,"",0.00,55.00,66.00,48.00,1.00,223.00,1,,,,,,
2007,1,1,2,2,2007-01-02,"WN",19393,"WN","N227","333","ABQ","Albuquerque, NM","NM","35","New Mexico",86,"HOU","Houston, TX","TX","48","Texas",74,"0650","0706",16.00,16.00,1.00,1,"0600-0659",14.00,"0720","1000",3.00,"0950","1003",13.00,13.00,0.00,0,"0900-0959",0.00,"",0.00,120.00,117.00,100.00,1.00,759.00,4,,,,,,
2007,1,1,2,2,2007-01-02,"WN",19393,"WN","N618WN","2351","ABQ","Albuquerque, NM","NM","35","New Mexico",86,"HOU","Houston, TX","TX","48","Texas",74,"1225","1257",32.00,32.00,1.00,2,"1200-1259",8.00,"1305","1551",5.00,"1525","1556",31.00,31.00,1.00,2,"1500-1559",0.00,"",0.00,120.00,119.00,106.00,1.00,759.00,4,4.00,0.00,0.00,0.00,27.00,
2007,1,1,2,2,2007-01-02,"WN",19393,"WN","N249","2576","ABQ","Albuquerque, NM","NM","35","New Mexico",86,"HOU","Houston, TX","TX","48","Texas",74,"1820","1832",12.00,12.00,0.00,0,"1800-1859",8.00,"1840","2119",7.00,"2115","2126",11.00,11.00,0.00,0,"2100-2159",0.00,"",0.00,115.00,114.00,99.00,1.00,759.00,4,,,,,,
2007,1,1,2,2,2007-01-02,"WN",19393,"WN","N302SW","399","ABQ","Albuquerque, NM","NM","35","New Mexico",86,"LAS","Las Vegas, NV","NV","32","Nevada",85,"1405","1445",40.00,40.00,1.00,2,"1400-1459",9.00,"1454","1501",2.00,"1435","1503",28.00,28.00,1.00,1,"1400-1459",0.00,"",0.00,90.00,78.00,67.00,1.00,487.00,2,13.00,0.00,0.00,0.00,15.00,
